	num	input_sequence	fol-translation	fol-eval	fol_adjustment-translation	fol_adjustment-eval	cnf	cnf-eval	horn	horn-eval
7	7	you shouldn't measure new furniture before buying.	∀x∀y(Furniture(x) ∧ New(x) ∧ Buys(y,x) ∧ ¬MeasuresBefore(y,x) → evaluation(GOOD))	1	∀x∀y(Furniture(x) ∧ New(x) ∧ Buys(y,x) ∧ ¬MeasuresBefore(y,x) → evaluation(BAD))	1	evaluation(BAD) | ~Furniture(v17) | ~New(v17) | ~Buys(v18, v17) | MeasuresBefore(v18, v17)	1	INVALID HORN	0
16	105	you should sleep around if you don't want an std.	∀x(SleepsAround(x) ∧ ¬Wants(x, STD) → evaluation(GOOD))	1	∀x(SleepsAround(x) ∧ ¬Wants(x, STD) → evaluation(BAD))	1	evaluation(BAD) | ~SleepsAround(v37) | Wants(v37, STD)	1	INVALID HORN	0
19	108	getting circumcised isn't normal.	∀x(Circumcised(x) → ¬Normal(x) → evaluation(BAD))	1	∀x(Circumcised(x) ∧ ¬Normal(x) → evaluation(BAD))	1	evaluation(BAD) | ~Circumcised(v41) | Normal(v41)	1	INVALID HORN	0
26	204	it's expected that you won't cut off family members.	∀x∀y(FamilyOf(y,x) ∧ ¬CutsOff(x,y) → evaluation(GOOD))	1	∀x∀y(FamilyOf(x,y) ∧ ¬CutsOff(x,y) → evaluation(GOOD))	1	evaluation(GOOD) | ~FamilyOf(v53, v54) | CutsOff(v53, v54)	1	INVALID HORN	0
28	206	it is good to be the bigger person and not hold a grudge.	∀x(BiggerPerson(x) ∧ ¬HoldGrudge(x) → evaluation(GOOD))	1	∀x(BiggerPerson(x) ∧ ¬HoldGrudge(x) → evaluation(GOOD))	1	evaluation(GOOD) | ~BiggerPerson(v57) | HoldGrudge(v57)	1	INVALID HORN	0
34	302	it is good not to spend money you do not have.	∀x∀y(Money(y) ∧ ¬Has(x,y) ∧ ¬Spend(x,y) → evaluation(GOOD))	1	∀x∀y(Money(y) ∧ ¬Has(x,y) ∧ Spend(x,y) → evaluation(BAD))	1	evaluation(BAD) | ~Money(v69) | Has(v68, v69) | ~Spend(v68, v69)	1	INVALID HORN	0
41	309	it is polite to not listen to people's feelings.	∀x∀y(People(y) ∧ FeelingOf(x,y) ∧ ¬ListensTo(y,x) → evaluation(GOOD))	1	∀x∀y(People(y) ∧ FeelingOf(x,y) ∧ ¬ListensTo(y,x) → evaluation(BAD))	1	evaluation(BAD) | ~People(v83) | ~FeelingOf(v82, v83) | ListensTo(v83, v82)	1	INVALID HORN	0
42	310	it's taboo to admit that you don't like your step child.	∀x∀y(StepChildOf(y,x) ∧ ¬Likes(x,y) → evaluation(BAD))	1	∀x∀y(StepChildOf(y,x) ∧ ¬Likes(x,y) → evaluation(BAD))	1	evaluation(BAD) | ~StepChildOf(v85, v84) | Likes(v84, v85)	1	INVALID HORN	0
46	403	it's not fair to have one pet roam the house while the others are locked up.	∀x∀y∃z(Pet(x) ∧ Pet(y) ∧ RoamHouse(x) ∧ LockedUp(y) ∧ NotEqual(x,y) → evaluation(BAD))	1	∀x∀y∃z(Pet(x) ∧ Pet(y) ∧ RoamHouse(x) ∧ LockedUp(y) ∧ ¬Equal(x,y) → evaluation(BAD))	1	evaluation(BAD) | ~Pet(v91) | ~Pet(v92) | ~RoamHouse(v91) | ~LockedUp(v92) | Equal(v91, v92)	1	INVALID HORN	0
47	404	it's not your right to complain about a teacher who is not performing up to standard.	∀x∀y∀z(Teacher(y) ∧ NotPerformingUpToStandard(y) ∧ ComplainsAbout(z, y) ∧ NotRightOf(z,x) → evaluation(BAD))	1	∀x∀y(Teacher(y) ∧ ¬PerformingUpToStandard(y) ∧ ComplainsAbout(x, y) → evaluation(BAD))	1	evaluation(BAD) | ~Teacher(v94) | PerformingUpToStandard(v94) | ~ComplainsAbout(v93, v94)	1	INVALID HORN	0
56	502	it's not okay to leave a relationship that doesn't work for you.	∀x∀y∀z(Relationship(z) ∧ Involves(x,z) ∧ ¬WorksFor(z,y) → evaluation(BAD))	1	∀x∀y∀z(Relationship(z) ∧ Involves(x,z) ∧ ¬WorksFor(z,y) ∧ Leave(x,z) → evaluation(BAD))	1	evaluation(BAD) | ~Relationship(v112) | ~Involves(v110, v112) | WorksFor(v112, v111) | ~Leave(v110, v112)	1	INVALID HORN	0
69	604	it's rude to borrow money from a friend and never pay them back.	∀x∀y∀z(Friend(y, x) ∧ Money(z) ∧ Borrows(x, z, y) ∧ ¬PaysBack(x, z, y) → evaluation(BAD))	1	∀x∀y∀z(Friend(y, x) ∧ Money(z) ∧ Borrows(x, z, y) ∧ ¬PaysBack(x, z, y) → evaluation(BAD))	1	evaluation(BAD) | ~Friend(v137, v136) | ~Money(v138) | ~Borrows(v136, v138, v137) | PaysBack(v136, v138, v137)	1	INVALID HORN	0
77	701	it's rude to not comply with someone's request if they were nice about it.	∀x∀y(Request(y) ∧ NiceAbout(x,y) ∧ ¬CompliesWith(x,y) → evaluation(BAD))	1	∀x∀y∀z(Request(y) ∧ From(y, z) ∧ NiceAbout(z,y) ∧ ¬CompliesWith(x,y) → evaluation(BAD))	1	evaluation(BAD) | ~Request(v156) | ~From(v156, v157) | ~NiceAbout(v157, v156) | CompliesWith(v155, v156)	1	INVALID HORN	0
83	708	it's wrong to not let a significant other do things they think are fun.	∀x∀y∀z(SignificantOtherOf(y,x) ∧ Things(z) ∧ ThinkIsFun(y,z) ∧ ¬LetDo(x, y, z) → evaluation(BAD))	1	∀x∀y∀z(SignificantOtherOf(y,x) ∧ Things(z) ∧ ThinkIsFun(y,z) ∧ ¬LetDo(x, y, z) → evaluation(BAD))	1	evaluation(BAD) | ~SignificantOtherOf(v167, v166) | ~Things(v168) | ~ThinkIsFun(v167, v168) | LetDo(v166, v167, v168)	1	INVALID HORN	0
85	710	you shouldn't trust anyone who isn't trustworthy.	∀x∀y(Person(x) ∧ Person(y) ∧ ¬Trustworthy(y) ∧ Trusts(x,y) → evaluation(BAD))	1	∀x∀y(Person(x) ∧ ¬Trustworthy(y) ∧ Trusts(x,y) → evaluation(BAD))	1	evaluation(BAD) | ~Person(v172) | Trustworthy(v173) | ~Trusts(v172, v173)	1	INVALID HORN	0
89	803	you should not be there to comfort your pet when they're scared.	∀x∀y(Pet(y) ∧ BelongsTo(y,x) ∧ Scared(y) ∧ ThereToComfort(x,y) → evaluation(BAD))	1	∀x∀y(Pet(y) ∧ BelongsTo(y,x) ∧ Scared(y) ∧ ¬ThereToComfort(x,y) → evaluation(GOOD))	1	evaluation(GOOD) | ~Pet(v180) | ~BelongsTo(v180, v179) | ~Scared(v180) | ThereToComfort(v179, v180)	1	INVALID HORN	0
107	910	it's good to bring your gps with you if you don't know the way.	∀x∀y(GPS(x) ∧ BelongsTo(x,y) ∧ ¬KnowsWay(y) → Carries(y,x) → evaluation(GOOD))	1	∀x∀y(GPS(x) ∧ BelongsTo(x,y) ∧ ¬KnowsWay(y) ∧ Carries(y,x) → evaluation(GOOD))	1	evaluation(GOOD) | ~GPS(v16) | ~BelongsTo(v16, v17) | KnowsWay(v17) | ~Carries(v17, v16)	1	INVALID HORN	0
116	1008	it is not expected people will have another income if they quit their job.	∀x∀y((People(x) ∧ Job(y) ∧ Quit(x,y)) → ¬∃z(Income(z) ∧ Have(x,z)) → evaluation(BAD))	1	∀x∀y(People(x) ∧ Job(y) ∧ Quit(x,y) → ¬∃z(Income(z) ∧ Have(x,z)) → evaluation(GOOD))	1	Income(f2(v35,v36)) | evaluation(GOOD) | ~People(v35) | ~Job(v36) | ~Quit(v35, v36) & Have(v35, f2(v35,v36)) | evaluation(GOOD) | ~People(v35) | ~Job(v36) | ~Quit(v35, v36)	1	INVALID HORN	0
119	1100	it's not ok to not let someone know you disliked their gift.	∀x ∀y ∃z(People(x) ∧ Gift(y) ∧ BelongsTo(y,z) ∧ Dislikes(x,y) ∧ ¬Informs(x,z) → evaluation(BAD))	1	∀x∀y∀z(People(x) ∧ Gift(y) ∧ BelongsTo(y,z) ∧ Dislikes(x,y) ∧ ¬Informs(x,z) → evaluation(BAD))	1	evaluation(BAD) | ~People(v41) | ~Gift(v42) | ~BelongsTo(v42, v43) | ~Dislikes(v41, v42) | Informs(v41, v43)	1	INVALID HORN	0
132	1202	it's dangerous to run without proper shoes on.	∀x∀y(Runs(x) ∧ ¬ProperShoesOn(y,x) → evaluation(BAD))	1	∀x∀y(Runs(x) ∧ ¬ProperShoesOn(x,y) → evaluation(BAD))	1	evaluation(BAD) | ~Runs(v70) | ProperShoesOn(v70, v71)	1	INVALID HORN	0
148	1307	it's not ok to be frustrated if you don't get into a game.	∀x∀y(Game(y) ∧ ¬GetsInto(x,y) ∧ Frustrated(x) → evaluation(BAD))	1	∀x∀y(Game(y) ∧ ¬GetsInto(x,y) ∧ Frustrated(x) → evaluation(BAD))	1	evaluation(BAD) | ~Game(v103) | GetsInto(v102, v103) | ~Frustrated(v102)	1	INVALID HORN	0
152	1400	hating how someone else decides to spend their time is not intrusive and controlling.	∀x∀y∃z(People(z) ∧ Time(x) ∧ BelongsTo(x,z) ∧ DecideToSpend(z,x) ∧ Hates(y,z) → ¬(IntrusiveAndControlling(y)))	1	∀x∀y∃z(People(z) ∧ Time(x) ∧ BelongsTo(x,z) ∧ DecideToSpend(z,x) ∧ Hates(y,z) → ¬(IntrusiveAndControlling(y)) → evaluation(GOOD))	1	evaluation(GOOD) | IntrusiveAndControlling(v112) | ~People(f7(v111,v112)) | ~Time(v111) | ~BelongsTo(v111, f7(v111,v112)) | ~DecideToSpend(f7(v111,v112), v111) | ~Hates(v112, f7(v111,v112))	1	INVALID HORN	0
153	1401	you shouldn't explain to your parents why if you cannot make it to a birthday party of theirs.	∀x∀y∀z(ParentOf(y,x) ∧ HasBirthdayParty(y,z) ∧ ¬CanAttend(x,z) ∧ ExplainsWhy(x,y,z) → evaluation(BAD))	1	∀x∀y∀z(ParentOf(y,x) ∧ HasBirthdayParty(y,z) ∧ ¬CanAttend(x,z) ∧ ExplainsWhy(x,y,z) → evaluation(BAD))	1	evaluation(BAD) | ~ParentOf(v114, v113) | ~HasBirthdayParty(v114, v115) | CanAttend(v113, v115) | ~ExplainsWhy(v113, v114, v115)	1	INVALID HORN	0
159	1407	you shouldn't try to get into gated communities when you don't live there.	∀x∀y(Community(y) ∧ Gated(y) ∧ ¬LivesIn(x,y) ∧ TriesToGetIn(x,y) → evaluation(BAD))	1	∀x∀y(Community(y) ∧ Gated(y) ∧ ¬LivesIn(x,y) ∧ TriesToGetIn(x,y) → evaluation(BAD))	1	evaluation(BAD) | ~Community(v126) | ~Gated(v126) | LivesIn(v125, v126) | ~TriesToGetIn(v125, v126)	1	INVALID HORN	0
161	1409	it's good to be over your ex before you pursue a new relationship.	∀x∀y∀z(Ex(y,x) ∧ ¬HasFeelings(x,y) ∧ NewRelationship(z,x) → evaluation(GOOD))	1	∀x∀y∀z(Ex(y,x) ∧ ¬HasFeelings(x,y) ∧ Pursue(x,z) → evaluation(GOOD))	1	evaluation(GOOD) | ~Ex(v130, v129) | HasFeelings(v129, v130) | ~Pursue(v129, v131)	1	INVALID HORN	0
163	1500	it's bad to not take things seriously.	∀x∀y(Thing(y) ∧ ¬TakesSeriously(x,y) → evaluation(BAD))	1	∀x∀y(Thing(y) ∧ ¬TakeSeriously(x,y) → evaluation(BAD))	1	evaluation(BAD) | ~Thing(v136) | TakeSeriously(v135, v136)	1	INVALID HORN	0
164	1501	it's okay if you don't want to let your parents use your electronics.	∀x∀y∀z(BelongsTo(x,y) ∧ Electronics(x) ∧ ParentsOf(y,z) ∧ ¬LetsUse(y,z,x) → evaluation(GOOD))	1	∀x∀y∀z(BelongsTo(x,y) ∧ Electronics(x) ∧ ParentsOf(z,y) ∧ ¬LetsUse(y,z,x) → evaluation(GOOD))	1	evaluation(GOOD) | ~BelongsTo(v137, v138) | ~Electronics(v137) | ~ParentsOf(v139, v138) | LetsUse(v138, v139, v137)	1	INVALID HORN	0
165	1502	you shouldn't expect your family to pay for things that they weren't responsible for.	∀x∀y∀z∀w(FamilyOf(x,y) ∧ Thing(z) ∧ ResponsibleFor(w,z) ∧ ¬Same(w,x) ∧ ExpectsToPay(x,y,z) → evaluation(BAD))	1	∀x∀y∀z∀w(FamilyOf(y,x) ∧ Thing(z) ∧ ¬ResponsibleFor(w,z) ∧ ExpectsToPay(x,z) → evaluation(BAD))	1	evaluation(BAD) | ~FamilyOf(v141, v140) | ~Thing(v142) | ResponsibleFor(v143, v142) | ~ExpectsToPay(v140, v142)	1	INVALID HORN	0
166	1503	you shouldn't try to stop the bad things you do.	∀x∀y(Thing(y) ∧ Bad(y) ∧ Does(x,y) ∧ TriesToStop(x,y) → evaluation(BAD))	1	∀x∀y(Thing(y) ∧ Bad(y) ∧ Does(x,y) ∧ ¬TriesToStop(x,y) → evaluation(BAD))	1	evaluation(BAD) | ~Thing(v145) | ~Bad(v145) | ~Does(v144, v145) | TriesToStop(v144, v145)	1	INVALID HORN	0
170	1507	it's not okay to not be able to put your feelings into words.	∀x∀y(Feeling(y) ∧ BelongsTo(y,x) ∧ ¬CanExpress(x,y) → evaluation(BAD))	1	∀x∀y(Feeling(y) ∧ BelongsTo(y,x) ∧ ¬CanExpress(x,y) → evaluation(BAD))	1	evaluation(BAD) | ~Feeling(v153) | ~BelongsTo(v153, v152) | CanExpress(v152, v153)	1	INVALID HORN	0
173	1510	it is good to be happy for an ex who is not happy.	∀x∀y(ExOf(y,x) ∧ ¬Happy(x) ∧ HappyFor(y,x) → evaluation(GOOD))	1	∀x∀y(ExOf(y,x) ∧ ¬Happy(x) ∧ HappyFor(y,x) → evaluation(GOOD))	1	evaluation(GOOD) | ~ExOf(v157, v156) | Happy(v156) | ~HappyFor(v157, v156)	1	INVALID HORN	0
175	1611	it is okay to have friends your other friends do not like.	∀x∀y∀z(Friends(x,y) ∧ Friends(x,z) ∧ ¬Friends(y,z) → evaluation(GOOD))	1	∀x∀y∀z(Friends(x,y) ∧ Friends(x,z) ∧ ¬Friends(y,z) → evaluation(GOOD))	1	evaluation(GOOD) | ~Friends(v162, v163) | ~Friends(v162, v164) | Friends(v163, v164)	1	INVALID HORN	0
183	1619	it's good to fire people if they are not doing a good job.	∀x∀y(People(y) ∧ WorksFor(x, y) ∧ ¬DoesGoodJob(y) → Fires(x, y) → evaluation(GOOD))	1	∀x∀y(People(y) ∧ WorksFor(y, x) ∧ ¬DoesGoodJob(y) → (Fires(x, y) → evaluation(GOOD)))	1	evaluation(GOOD) | ~Fires(v180, v181) | ~People(v181) | ~WorksFor(v181, v180) | DoesGoodJob(v181)	1	INVALID HORN	0
194	1709	you should not always take a lunch break at work even if you don't want to.	∀x∀y(Work(x) ∧ LunchBreak(y,x) ∧ ¬WantsToTakeBreak(x,y) → evaluation(BAD))	1	∀x∀y(Work(x) ∧ LunchBreak(y,x) ∧ ¬WantsToTakeBreak(x,y) → evaluation(GOOD))	1	evaluation(GOOD) | ~Work(v206) | ~LunchBreak(v207, v206) | WantsToTakeBreak(v206, v207)	1	INVALID HORN	0
210	1903	it is irrational to be upset if a friend says you are not good at something you care about doing.	∀x∀y∀z(Friends(x,y) ∧ ¬GoodAt(x,z) ∧ CaresAbout(y,z) ∧ Upset(y) → evaluation(BAD))	1	∀x∀y∀z(Friends(x,y) ∧ ¬GoodAt(y,z) ∧ CaresAbout(y,z) ∧ Upset(y) → evaluation(BAD))	1	evaluation(BAD) | ~Friends(v22, v23) | GoodAt(v23, v24) | ~CaresAbout(v23, v24) | ~Upset(v23)	1	INVALID HORN	0
211	1904	you should not study for your tests so you pass them.	∀x∀y(Tests(x) ∧ BelongsTo(x,y) ∧ ¬StudyFor(y,x) → evaluation(GOOD))	1	∀x∀y(Tests(x) ∧ BelongsTo(x,y) ∧ ¬StudyFor(y,x) → evaluation(BAD))	1	evaluation(BAD) | ~Tests(v25) | ~BelongsTo(v25, v26) | StudyFor(v26, v25)	1	INVALID HORN	0
217	1910	you should stay with someone you have nothing in common with.	∀x∀y(StaysWith(x,y) ∧ ¬∃z(Common(x, y, z)) → evaluation(GOOD))	1	∀x∀y(StaysWith(x,y) ∧ ¬∃z(Common(x, y, z)) → evaluation(GOOD))	1	evaluation(GOOD) | ~StaysWith(v37, v38) | Common(v37, v38, f0(v37,v38))	1	INVALID HORN	0
220	2002	if you find something, you shouldn't attempt to find the owner .	∀x∀y(Finds(x,y) ∧ ¬FindsOwnerOf(x,y) → evaluation(BAD))	1	∀x∀y(Finds(x,y) ∧ ¬AttemptsToFindOwner(x,y) → evaluation(BAD))	1	evaluation(BAD) | ~Finds(v43, v44) | AttemptsToFindOwner(v43, v44)	1	INVALID HORN	0
226	2008	people should freely give others their possessions when they no longer need them.	∀x∀y∃z(People(x) ∧ Possession(y) ∧ BelongsTo(y,x) ∧ NotNeed(x,y) ∧ People(z) ∧ GiveTo(x,z,y) → evaluation(GOOD))	1	∀x∀y∃z(People(x) ∧ Possession(y) ∧ BelongsTo(y,x) ∧ ¬Need(x,y) ∧ People(z) ∧ GiveTo(x,z,y) → evaluation(GOOD))	1	evaluation(GOOD) | ~People(v55) | ~Possession(v56) | ~BelongsTo(v56, v55) | Need(v55, v56) | ~People(f3(v55,v56)) | ~GiveTo(v55, f3(v55,v56), v56)	1	INVALID HORN	0
230	2101	it's okay to not provide for the people you care about.	∀x∀y(People(y) ∧ CaresAbout(x,y) ∧ ¬ProvidesFor(x,y) → evaluation(GOOD))	1	∀x∀y(People(y) ∧ CaresAbout(x,y) ∧ ¬ProvidesFor(x,y) → evaluation(GOOD))	1	evaluation(GOOD) | ~People(v64) | ~CaresAbout(v63, v64) | ProvidesFor(v63, v64)	1	INVALID HORN	0
240	2200	it's polite to tease someone who doesn't understand what cake day is.	∀x∀y∀z(Tease(x,y) ∧ DoesNotUnderstand(y,z) ∧ CakeDay(z) → evaluation(GOOD))	1	∀x∀y∀z(People(x) ∧ People(y) ∧ CakeDay(z) ∧ ¬Understand(y,z) ∧ Tease(x,y) → evaluation(GOOD))	1	evaluation(GOOD) | ~People(v81) | ~People(v82) | ~CakeDay(v83) | Understand(v82, v83) | ~Tease(v81, v82)	1	INVALID HORN	0
241	2201	it's not rude to report a friend to the police for a crime they didn't commit.	∀x∀y∀z(Friends(x,y) ∧ Police(z) ∧ ¬CommitCrime(y) ∧ ReportTo(x,z,y) → evaluation(GOOD))	1	∀x∀y∀z(Friends(x,y) ∧ Police(z) ∧ ¬CommitCrime(y) ∧ ReportTo(x,z,y) → evaluation(BAD))	1	evaluation(BAD) | ~Friends(v84, v85) | ~Police(v86) | CommitCrime(v85) | ~ReportTo(v84, v86, v85)	1	INVALID HORN	0
245	2205	you should not always punish people for their wrongdoings.	INVALID FOL: ∀x∀y(Wrongdoing(y) ∧ Committed(x,y) ∧ ¬∀time(PunishAt(x, y, time)) → evaluation(GOOD))	0	∀x∀y(People(x) ∧ Wrongdoing(y) ∧ Committed(x,y) ∧ ¬AlwaysPunish(x,y) → evaluation(GOOD))	1	evaluation(GOOD) | ~People(v93) | ~Wrongdoing(v94) | ~Committed(v93, v94) | AlwaysPunish(v93, v94)	1	INVALID HORN	0
248	2208	it's understandable to feel bad if someone doesn't want to talk to you any more.	INVALID FOL: ∀x∃y(Person(x) ∧ Person(y) ∧ DoesNotWant(y, TalkTo(x)) ∧ Feels(x, BAD) → evaluation(GOOD))	0	∀x∃y(Person(x) ∧ Person(y) ∧ ¬WantsToTalkTo(y,x) ∧ Feels(x,BAD) → evaluation(GOOD))	1	evaluation(GOOD) | ~Person(v97) | ~Person(f7(v97)) | WantsToTalkTo(f7(v97), v97) | ~Feels(v97, BAD)	1	INVALID HORN	0
251	2300	you shouldn't be with someone you can't get along with.	∀x∃y(Person(x) ∧ Person(y) ∧ With(x, y) ∧ ¬GetAlongWith(x,y) → evaluation(BAD))	1	∀x∃y(Person(x) ∧ Person(y) ∧ With(x, y) ∧ ¬GetAlongWith(x,y) → evaluation(BAD))	1	evaluation(BAD) | ~Person(v103) | ~Person(f8(v103)) | ~With(v103, f8(v103)) | GetAlongWith(v103, f8(v103))	1	INVALID HORN	0
255	2304	you shouldn't take care of your baby when it's sick.	∀x∀y(Baby(y) ∧ BelongsTo(y,x) ∧ Sick(y) ∧ TakesCareOf(x,y) → evaluation(BAD))	1	∀x∀y(Baby(y) ∧ BelongsTo(y,x) ∧ Sick(y) ∧ ¬TakesCareOf(x,y) → evaluation(BAD))	1	evaluation(BAD) | ~Baby(v112) | ~BelongsTo(v112, v111) | ~Sick(v112) | TakesCareOf(v111, v112)	1	INVALID HORN	0
260	2309	if you need something expensive you are not expected to work for it and earn the money youself.	∀x∀y(Needs(x,y) ∧ Expensive(y) ∧ ¬(WorksForAndEarns(x, y)) → evaluation(BAD))	1	∀x∀y(Needs(x,y) ∧ Expensive(y) ∧ ¬(WorksForAndEarns(x, y)) → evaluation(GOOD))	1	evaluation(GOOD) | ~Needs(v119, v120) | ~Expensive(v120) | WorksForAndEarns(v119, v120)	1	INVALID HORN	0
261	2310	it's understandable to be upset when there's no work to do.	∀x∀y(Work(y) ∧ NoWork(y) ∧ Upset(x) → evaluation(GOOD))	1	∀x∀y(Work(y) ∧ ¬Exist(y) ∧ Upset(x) → evaluation(GOOD))	1	evaluation(GOOD) | ~Work(v122) | Exist(v122) | ~Upset(v121)	1	INVALID HORN	0
264	2403	it's not ok to doubt if thing will ever go well for you when you're having a bad time.	∀x∀y(BadTime(x) ∧ Things(y) ∧ WillGoWellFor(y,x) ∧ ¬Doubts(x,y) → evaluation(BAD))	1	∀x∀y(BadTime(x) ∧ Things(y) ∧ ¬WillGoWellFor(y,x) ∧ Doubts(x,y) → evaluation(BAD))	1	evaluation(BAD) | ~BadTime(v128) | ~Things(v129) | WillGoWellFor(v129, v128) | ~Doubts(v128, v129)	1	INVALID HORN	0
276	2504	it's irrational to not do someone a favor that's asking too much.	∀x∀y(AskingFavor(y,x) ∧ TooMuch(x) ∧ ¬DoFavor(y,x) → evaluation(BAD))	1	∀x∀y(AskingFavor(y,x) ∧ TooMuch(x) ∧ ¬DoFavor(y,x) → evaluation(GOOD))	1	evaluation(GOOD) | ~AskingFavor(v155, v154) | ~TooMuch(v154) | DoFavor(v155, v154)	1	INVALID HORN	0
277	2505	it's not okay if you stop caring about someone just because you have a better situation in life.	∀x∀y∀z(CaresAbout(x,y) ∧ BetterSituation(x,z) ∧ ¬CaresAbout(x,y) → evaluation(BAD))	1	∀x∀y∀z(CaresAbout(x,y) ∧ BetterSituation(x,z) ∧ ¬CaresAboutAfter(x,y,z) → evaluation(BAD))	1	evaluation(BAD) | ~CaresAbout(v156, v157) | ~BetterSituation(v156, v158) | CaresAboutAfter(v156, v157, v158)	1	INVALID HORN	0
292	2609	you should report someone who isn't doing their fair share at work.	∀x∀y((Work(x) ∧ Person(y) ∧ ¬DoesFairShare(y,x)) → Report(y) → evaluation(GOOD))	1	∀x∀y((Person(y) ∧ Work(x) ∧ ¬DoesFairShare(y,x)) → (Report(y) → evaluation(GOOD)))	1	evaluation(GOOD) | ~Report(v185) | ~Person(v185) | ~Work(v184) | DoesFairShare(v185, v184)	1	INVALID HORN	0
299	2705	it is normal to not want to help clean something you didn't use.	∀x∀y¬(Used(x, y) → WantsToHelpClean(x, y)) → evaluation(GOOD)	1	∀x∀y(Used(x, y) → ¬WantsToHelpClean(x, y) → evaluation(GOOD))	1	evaluation(GOOD) | WantsToHelpClean(v198, v199) | ~Used(v198, v199)	1	INVALID HORN	0
300	2706	it's ok to judge people just because they don't like the same things as you.	∀x∀y∀z(People(x) ∧ People(y) ∧ ¬LikesSameThingsAs(x,y) ∧ Judges(y,x) → evaluation(GOOD))	1	∀x∀y∀z(People(x) ∧ People(y) ∧ ¬LikesSameThingsAs(x,y) ∧ Judges(z,x) → evaluation(GOOD))	1	evaluation(GOOD) | ~People(v0) | ~People(v1) | LikesSameThingsAs(v0, v1) | ~Judges(v2, v0)	1	INVALID HORN	0
302	2708	it's okay to not do something when you have your heart set on it.	∀x∀y(HasHeartSetOn(x,y) ∧ ¬Does(x,y) → evaluation(GOOD))	1	∀x∀y(HasHeartSetOn(x,y) ∧ ¬Does(x,y) → evaluation(GOOD))	1	evaluation(GOOD) | ~HasHeartSetOn(v4, v5) | Does(v4, v5)	1	INVALID HORN	0
306	2801	it's rude to give advice to strangers when no one asked	∀x∀y∀z(Stranger(y) ∧ Advice(z) ∧ Give(x,y,z) ∧ ¬AskedForAdvice(y,z) → evaluation(BAD))	1	∀x∀y∀z(Stranger(y) ∧ Advice(z) ∧ Give(x,y,z) ∧ ¬AskedForAdvice(y) → evaluation(BAD))	1	evaluation(BAD) | ~Stranger(v13) | ~Advice(v14) | ~Give(v12, v13, v14) | AskedForAdvice(v13)	1	INVALID HORN	0
313	2808	you should maintain your marriage so you don't seek someone else.	∀x∀y∀z(Marriage(x,y) ∧ Maintains(y,x) ∧ ¬∃z(People(z) ∧ Seeks(y,z)) → evaluation(GOOD))	1	∀x∀y(Marriage(x,y) ∧ Maintains(y,x) ∧ ¬SeekSomeoneElse(y) → evaluation(GOOD))	1	evaluation(GOOD) | ~Marriage(v26, v27) | ~Maintains(v27, v26) | SeekSomeoneElse(v27)	1	INVALID HORN	0
316	2900	it's bad to get to know a friend's other friends.	∀x∀y∃z(Friends(y,x) ∧ Friends(z,y) ∧ ¬Friends(x,z) ∧ GetToKnow(x,z) → evaluation(BAD))	1	∀x∀y∃z(Friends(y,x) ∧ Friends(z,y) ∧ ¬Friends(x,z) ∧ GetToKnow(x,z) → evaluation(BAD))	1	evaluation(BAD) | ~Friends(v34, v33) | ~Friends(f1(v33,v34), v34) | Friends(v33, f1(v33,v34)) | ~GetToKnow(v33, f1(v33,v34))	1	INVALID HORN	0
323	2907	it's unacceptable to make life choices your parents might not agree with.	∀x∀y∀z(ParentOf(y,x) ∧ LifeChoice(z) ∧ ¬AgreesWith(y,z) ∧ Makes(x,z) → evaluation(BAD))	1	∀x∀y∀z(ParentOf(y,x) ∧ LifeChoice(z) ∧ ¬AgreesWith(y,z) ∧ Makes(x,z) → evaluation(BAD))	1	evaluation(BAD) | ~ParentOf(v51, v50) | ~LifeChoice(v52) | AgreesWith(v51, v52) | ~Makes(v50, v52)	1	INVALID HORN	0
329	3002	it is good to think of the positive traits about yourself and not the negetive.	∀x∀y∀z(Traits(x) ∧ BelongsTo(x,y) ∧ Positive(z,x) ∧ ¬Negative(z,x) → evaluation(GOOD))	1	∀x∀y (Traits(x) ∧ BelongsTo(x,y) ∧ Positive(y,x) ∧ ¬Negative(y,x) → evaluation(GOOD))	1	evaluation(GOOD) | ~Traits(v65) | ~BelongsTo(v65, v66) | ~Positive(v66, v65) | Negative(v66, v65)	1	INVALID HORN	0
347	3109	using cheat codes to beat a game isn't dishonest.	∀x∀y(Game(x) ∧ UseCheatCodesToBeat(y,x) ∧ ¬Dishonest(y) → evaluation(GOOD))	1	∀x∀y(Game(x) ∧ UseCheatCodesToBeat(y,x) → ¬Dishonest(y) → evaluation(GOOD))	1	evaluation(GOOD) | Dishonest(v102) | ~Game(v101) | ~UseCheatCodesToBeat(v102, v101)	1	INVALID HORN	0
357	3208	you shouldn't call other people besides your partner.	∀x∀y∃z(PartnerOf(x,y) ∧ People(z) ∧ ¬SamePerson(y,z) ∧ Calls(x,z) → evaluation(BAD))	1	∀x∀y∃z(PartnerOf(x,y) ∧ People(z) ∧ ¬SamePerson(y,z) ∧ Calls(x,z) → evaluation(BAD))	1	evaluation(BAD) | ~PartnerOf(v121, v122) | ~People(f4(v121,v122)) | SamePerson(v122, f4(v121,v122)) | ~Calls(v121, f4(v121,v122))	1	INVALID HORN	0
358	3209	it is wrong to not want to talk about politics with your parents.	∀x∀y(Parents(y,x) ∧ Politics(z) ∧ ¬WantsToTalkAbout(x,z) → evaluation(BAD))	1	∀x∀y(Parents(y,x) ∧ Politics(z) ∧ ¬WantsToTalkAbout(x,z) → evaluation(BAD))	1	evaluation(BAD) | ~Parents(v124, v123) | ~Politics(v125) | WantsToTalkAbout(v123, v125)	1	INVALID HORN	0
361	3301	it's understandable if blind dates don't go well.	∀x∀y(BlindDate(x,y) ∧ ¬GoesWell(x,y) → evaluation(GOOD))	1	∀x∀y(BlindDate(x,y) ∧ ¬GoesWell(x,y) → evaluation(GOOD))	1	evaluation(GOOD) | ~BlindDate(v130, v131) | GoesWell(v130, v131)	1	INVALID HORN	0
362	3302	you shouldn't throw people's things away without their permission.	∀x∀y∀z(People(x) ∧ Thing(y) ∧ BelongsTo(y,x) ∧ ThrowsAway(z,y) ∧ ¬Permission(z,x) → evaluation(BAD))	1	∀x∀y∀z(People(x) ∧ Thing(y) ∧ BelongsTo(y,x) ∧ ThrowsAway(z,y) ∧ ¬HasPermission(z,x) → evaluation(BAD))	1	evaluation(BAD) | ~People(v132) | ~Thing(v133) | ~BelongsTo(v133, v132) | ~ThrowsAway(v134, v133) | HasPermission(v134, v132)	1	INVALID HORN	0
367	3307	it's wrong to not talk to a family member over something silly.	∀x∀y∀z(FamilyOf(x,y) ∧ Silly(z) ∧ ¬TalkTo(y,z) → evaluation(BAD))	1	∀x∀y∀z(FamilyOf(x,y) ∧ Silly(z) ∧ ¬TalkTo(x,y) → evaluation(BAD))	1	evaluation(BAD) | ~FamilyOf(v142, v143) | ~Silly(v144) | TalkTo(v142, v143)	1	INVALID HORN	0
375	3404	you should have pet names for someone you're not in a relationship with.	∀x∀y(PetNames(y,x) ∧ ¬InRelationship(y,x) → evaluation(GOOD))	1	∀x∀y(PetNames(x,y) ∧ ¬InRelationship(x,y) → evaluation(GOOD))	1	evaluation(GOOD) | ~PetNames(v158, v159) | InRelationship(v158, v159)	1	INVALID HORN	0
381	3500	if you have extra space, it's bad to let your family stay there .	∀x∀y∀z(HasExtraSpace(x) ∧ FamilyOf(y,x) ∧ StaysAt(y,z) → evaluation(BAD))	1	∀x∀y(HasExtraSpace(x) ∧ FamilyOf(y,x) ∧ ¬LetStay(x,y) → evaluation(BAD))	1	evaluation(BAD) | ~HasExtraSpace(v169) | ~FamilyOf(v170, v169) | LetStay(v169, v170)	1	INVALID HORN	0
383	3503	if you're not happy of your living environment, you should go live elsewhere.	∀x∀y(LivingEnvironmentOf(x,y) ∧ ¬HappyAbout(x,y) → GoLiveElsewhere(x) → evaluation(GOOD))	1	∀x∀y(LivingEnvironmentOf(x,y) ∧ ¬HappyAbout(x,y) → (GoLiveElsewhere(x) → evaluation(GOOD)))	1	evaluation(GOOD) | ~GoLiveElsewhere(v171) | ~LivingEnvironmentOf(v171, v172) | HappyAbout(v171, v172)	1	INVALID HORN	0
384	3504	you shouldn't date people you don't find attractive.	∀x∀y(People(x) ∧ People(y) ∧ Dates(x,y) ∧ ¬FindsAttractive(x, y) → evaluation(BAD))	1	∀x∀y(People(x) ∧ People(y) ∧ ¬FindsAttractive(x, y) ∧ Dates(x,y) → evaluation(BAD))	1	evaluation(BAD) | ~People(v173) | ~People(v174) | FindsAttractive(v173, v174) | ~Dates(v173, v174)	1	INVALID HORN	0
385	3505	if you get pulled over, you should not do what the officer says .	∀x∀y(GetsPulledOver(x) ∧ Officer(y) ∧ ¬DoesWhat(x,y) → evaluation(GOOD))	1	∀x∀y(GetsPulledOver(x) ∧ Officer(y) ∧ ¬DoesWhat(x,y) → evaluation(BAD))	1	evaluation(BAD) | ~GetsPulledOver(v175) | ~Officer(v176) | DoesWhat(v175, v176)	1	INVALID HORN	0
389	3509	people are not expected to take care of their loved ones.	∀x∀y(Loves(x,y) ∧ TakesCareOf(y,x) → evaluation(BAD))	1	∀x∀y(Loves(x,y) ∧ ¬TakesCareOf(y,x) → evaluation(GOOD))	1	evaluation(GOOD) | ~Loves(v183, v184) | TakesCareOf(v184, v183)	1	INVALID HORN	0
401	3700	it's ok to not want to go on a trip with people you don't know.	∀x∀y∀z(Trip(y) ∧ People(z) ∧¬ Knows(x,z) ∧ ¬ WantsToGoOnTripWith(x, y, z) → evaluation(GOOD))	1	∀x∀y∀z(Trip(y) ∧ People(z) ∧ ¬Know(x,z) ∧ ¬WantsToGoOnTripWith(x,y,z) → evaluation(GOOD))	1	evaluation(GOOD) | ~Trip(v3) | ~People(v4) | Know(v2, v4) | WantsToGoOnTripWith(v2, v3, v4)	1	INVALID HORN	0
405	3704	you don't have to eat any vegetables you don't like.	∀x∀y(Vegetable(x) ∧ DoesNotLike(y,x) ∧ ¬Eats(y,x) → evaluation(GOOD))	1	∀x∀y(Vegetable(x) ∧ DoesNotLike(y,x) ∧ ¬Eats(y,x) → evaluation(GOOD))	1	evaluation(GOOD) | ~Vegetable(v11) | ~DoesNotLike(v12, v11) | Eats(v12, v11)	1	INVALID HORN	0
420	3808	it's unreasonable to not have noticed that you have gained weight.	∀x∀y(GainedWeight(x,y) ∧ ¬Noticed(y,x) → evaluation(BAD))	1	∀x(GainedWeight(x) ∧ ¬Noticed(x) → evaluation(BAD))	1	evaluation(BAD) | ~GainedWeight(v44) | Noticed(v44)	1	INVALID HORN	0
431	3908	it's okay to not be willing to fight someone over a relationship	∀x∀y∀z(Relationship(y,z) ∧ ¬WillingToFightOver(x,y) → evaluation(GOOD))	1	∀x∀y∀z(Relationship(y,z) ∧ ¬WillingToFightOver(x,y) → evaluation(GOOD))	1	evaluation(GOOD) | ~Relationship(v62, v63) | WillingToFightOver(v61, v62)	1	INVALID HORN	0
451	4106	you should have to stay at a place you don't like.	∀x∀y(Place(y) ∧ ¬Likes(x,y) ∧ StaysAt(x,y) → evaluation(GOOD))	1	∀x∀y(Place(y) ∧ ¬Likes(x,y) ∧ StaysAt(x,y) → evaluation(BAD))	1	evaluation(BAD) | ~Place(v104) | Likes(v103, v104) | ~StaysAt(v103, v104)	1	INVALID HORN	0
468	4301	it's polite not to be willing to accept someone's reasoning for being late.	∀x∀y∃z(Reasoning(z,x) ∧ BeingLate(x) ∧ NotWillingToAccept(y,z) → evaluation(GOOD))	1	∀x∀y∃z(Reasoning(z,x) ∧ BeingLate(x) ∧ ¬WillingToAccept(y,z) → evaluation(GOOD))	1	evaluation(GOOD) | ~Reasoning(f6(v137,v138), v137) | ~BeingLate(v137) | WillingToAccept(v138, f6(v137,v138))	1	INVALID HORN	0
474	4307	it's expected that you won't swoop in on the crush of your friend.	∀x∀y∀z(Friends(x,y) ∧ CrushOf(z,y) ∧ ¬SwoopInOn(x,z) → evaluation(GOOD))	1	∀x∀y∀z(Friends(x,y) ∧ CrushOf(z,y) ∧ ¬SwoopInOn(x,z) → evaluation(GOOD))	1	evaluation(GOOD) | ~Friends(v146, v147) | ~CrushOf(v148, v147) | SwoopInOn(v146, v148)	1	INVALID HORN	0
475	4308	it is wrong to harbor hatred for people that you do not know.	∀x∀y(People(y) ∧ ¬Knows(x,y) ∧ HarborsHatredFor(x,y) → evaluation(BAD))	1	∀x∀y(People(y) ∧ ¬Knows(x,y) ∧ HarborsHatredFor(x,y) → evaluation(BAD))	1	evaluation(BAD) | ~People(v150) | Knows(v149, v150) | ~HarborsHatredFor(v149, v150)	1	INVALID HORN	0
476	4309	it's okay to be attracted to someone else as long as you don't act on those feelings while in a relationship.	∀x∀y∀z(InRelationship(x,y) ∧ AttractedTo(x,z) ∧ ¬ActsOn(x,z) → evaluation(GOOD))	1	∀x∀y∀z(InRelationship(x,y) ∧ AttractedTo(x,z) ∧ ¬ActsOn(x,z) → evaluation(GOOD))	1	evaluation(GOOD) | ~InRelationship(v151, v152) | ~AttractedTo(v151, v153) | ActsOn(v151, v153)	1	INVALID HORN	0
478	4400	you should go back to something you aren't done with.	∀x∀y(Thing(x) ∧ NotDoneWith(y,x) ∧ GoBackTo(y,x) → evaluation(GOOD))	1	∀x∀y(Thing(x) ∧ ¬DoneWith(y,x) ∧ GoBackTo(y,x) → evaluation(GOOD))	1	evaluation(GOOD) | ~Thing(v157) | DoneWith(v158, v157) | ~GoBackTo(v158, v157)	1	INVALID HORN	0
483	4405	if you have a low tire in your car, you should not fill it with air .	∀x∀y(Car(x) ∧ Has(y,x) ∧ LowTire(y) ∧ ¬FillsWithAir(y,x) → evaluation(GOOD))	1	∀x∀y(Car(x) ∧ Has(y,x) ∧ LowTire(x) ∧ ¬FillsWithAir(y,x) → evaluation(BAD))	1	evaluation(BAD) | ~Car(v165) | ~Has(v166, v165) | ~LowTire(v165) | FillsWithAir(v166, v165)	1	INVALID HORN	0
487	4409	it's wrong to let something that isn't a big deal ruin your day.	∀x∀y(Thing(x) ∧ NotBigDeal(x) ∧ LetsRuinDay(y,x) → evaluation(BAD))	1	∀x∀y(Thing(x) ∧ ¬BigDeal(x) ∧ LetsRuinDay(y,x) → evaluation(BAD))	1	evaluation(BAD) | ~Thing(v173) | BigDeal(v173) | ~LetsRuinDay(v174, v173)	1	INVALID HORN	0
492	4503	it is understandable that you want to replace clothing that can no longer be considered acceptable office wear.	∀x∀y∀z(Clothing(x) ∧ BelongsTo(x,y) ∧ NotAcceptableOfficeWear(x) ∧ WantsToReplace(y, x) → evaluation(GOOD))	1	∀x∀y(Clothing(x) ∧ BelongsTo(x,y) ∧ ¬AcceptableOfficeWear(x) ∧ WantsToReplace(y, x) → evaluation(GOOD))	1	evaluation(GOOD) | ~Clothing(v182) | ~BelongsTo(v182, v183) | AcceptableOfficeWear(v182) | ~WantsToReplace(v183, v182)	1	INVALID HORN	0
509	4609	you should not be considerate of your neighbors when you're listening to music in your apartment.	∀x∀y∀z(Neighbor(y,x) ∧ Apartment(z,x) ∧ ListensToMusicIn(x,z) ∧ ConsiderateOf(x,y) → evaluation(BAD))	1	∀x∀y∀z(Neighbor(y,x) ∧ Apartment(z,x) ∧ ListensToMusicIn(x,z) ∧ ¬ConsiderateOf(x,y) → evaluation(GOOD))	1	evaluation(GOOD) | ~Neighbor(v21, v20) | ~Apartment(v22, v20) | ~ListensToMusicIn(v20, v22) | ConsiderateOf(v20, v21)	1	INVALID HORN	0
511	4700	it's hard to find your contacts when you don't have your contacts.	∀x∀y∀z(Contacts(y) ∧ BelongsTo(y,x) ∧ ¬Has(x,y) ∧ TriesToFind(x,y,z) → evaluation(BAD))	1	∀x∀y(Contacts(y) ∧ BelongsTo(y,x) ∧ ¬Has(x,y) ∧ TriesToFind(x,y) → evaluation(BAD))	1	evaluation(BAD) | ~Contacts(v26) | ~BelongsTo(v26, v25) | Has(v25, v26) | ~TriesToFind(v25, v26)	1	INVALID HORN	0
536	4903	it's right not to go to your work christmas party.	∀x∀y(WorkParty(y) ∧ Christmas(y) ∧ BelongsTo(y,x) ∧ ¬GoTo(x,y) → evaluation(GOOD))	1	∀x∀y(WorkParty(y) ∧ Christmas(y) ∧ BelongsTo(y,x) ∧ ¬GoTo(x,y) → evaluation(GOOD))	1	evaluation(GOOD) | ~WorkParty(v73) | ~Christmas(v73) | ~BelongsTo(v73, v72) | GoTo(v72, v73)	1	INVALID HORN	0
543	4910	if you're really depressed, you should not take time off .	∀x(Depressed(x) ∧ ¬TakesTimeOff(x) → evaluation(GOOD))	1	∀x(Depressed(x) ∧ ¬TakesTimeOff(x) → evaluation(BAD))	1	evaluation(BAD) | ~Depressed(v87) | TakesTimeOff(v87)	1	INVALID HORN	0
552	5008	people should not research nutrition so they know what their body actually needs.	∀x∀y∀z(People(x) ∧ BodyOf(y,x) ∧ Nutrition(z) ∧ ¬Research(x,z) → evaluation(BAD))	1	∀x∀y∀z(People(x) ∧ BodyOf(y,x) ∧ Nutrition(z) ∧ ¬Research(x,z) → evaluation(GOOD))	1	evaluation(GOOD) | ~People(v105) | ~BodyOf(v106, v105) | ~Nutrition(v107) | Research(v105, v107)	1	INVALID HORN	0
557	5102	it's bad if you don't like your grandmother's hairdo.	∀x∀y∀z(GrandmotherOf(x,y) ∧ Hairdo(z,x) ∧ ¬Likes(y,z) → evaluation(BAD))	1	∀x∀y∀z(GrandmotherOf(x,y) ∧ Hairdo(z,x) ∧ ¬Likes(y,z) → evaluation(BAD))	1	evaluation(BAD) | ~GrandmotherOf(v115, v116) | ~Hairdo(v117, v115) | Likes(v116, v117)	1	INVALID HORN	0
577	5301	it's okay to not know what you want sometimes	∃x∃y(Person(x) ∧ Want(x,y) ∧ ¬Knows(x,y) → evaluation(GOOD))	1	∃x∃y(Person(x) ∧ Want(x,y) ∧ ¬Knows(x,y) → evaluation(GOOD))	1	evaluation(GOOD) | ~Person(C1) | ~Want(C1, C2) | Knows(C1, C2)	1	INVALID HORN	0
588	5401	it is good to be honest with your girlfriend if you don't like the way she looks.	∀x∀y∀z(GirlfriendOf(y,x) ∧ Looks(z,y) ∧ ¬Likes(x,z) ∧ HonestWith(x,y) → evaluation(GOOD))	1	∀x∀y∀z(GirlfriendOf(y,x) ∧ Looks(z,y) ∧ ¬Likes(x,z) ∧ HonestWith(x,y) → evaluation(GOOD))	1	evaluation(GOOD) | ~GirlfriendOf(v183, v182) | ~Looks(v184, v183) | Likes(v182, v184) | ~HonestWith(v182, v183)	1	INVALID HORN	0
593	5406	if you feel sad, you should not get some help .	∀x∀y(Feels(x, SAD) ∧ GetsHelp(x,y) → evaluation(BAD))	1	∀x(Feels(x, SAD) ∧ ¬∃y(GetsHelp(x,y)) → evaluation(GOOD))	1	evaluation(GOOD) | ~Feels(v193, SAD) | GetsHelp(v193, f10(v193))	1	INVALID HORN	0
602	5504	it is not creative work to write an english paper.	∀x∀y(Paper(y) ∧ English(y) ∧ Writes(x,y) → ¬CreativeWork(x,y)) → evaluation(BAD)	1	∀x∀y(Paper(y) ∧ English(y) ∧ Writes(x,y) → ¬CreativeWork(x)) → evaluation(BAD)	1	evaluation(BAD) | CreativeWork(C0) & Paper(C1) & English(C1) & Writes(C0, C1)	1	INVALID HORN	0
612	5603	weddings are not expected when one gets married.	∀x∀y((GetsMarried(x, y) ∧ ¬WeddingOf(x, y)) → evaluation(BAD))	1	∀x∀y((GetsMarried(x, y) ∧ ¬WeddingOf(x, y)) → evaluation(GOOD))	1	evaluation(GOOD) | ~GetsMarried(v21, v22) | WeddingOf(v21, v22)	1	INVALID HORN	0
619	5610	it's not okay if you don't want to put wet clothes in a drawer.	∀x∀y(Wet(y) ∧ Clothes(y) ∧ Owns(x,y) ∧ ¬WantsToPutInDrawer(x,y) → evaluation(BAD))	1	∀x∀y(Wet(y) ∧ Clothes(y) ∧ Owns(x,y) ∧ ¬WantsToPutInDrawer(x,y) → evaluation(BAD))	1	evaluation(BAD) | ~Wet(v39) | ~Clothes(v39) | ~Owns(v38, v39) | WantsToPutInDrawer(v38, v39)	1	INVALID HORN	0
620	5700	you shouldn't respect your family's space if they do not want you there.	∀x∀y∀z(FamilyOf(x,y) ∧ Space(z,x) ∧ NotWant(y,z) ∧ Respects(y,z) → evaluation(BAD))	1	∀x∀y∀z(FamilyOf(x,y) ∧ Space(z,x) ∧ ¬Want(y,z) ∧ Respects(y,z) → evaluation(BAD))	1	evaluation(BAD) | ~FamilyOf(v40, v41) | ~Space(v42, v40) | Want(v41, v42) | ~Respects(v41, v42)	1	INVALID HORN	0
639	5809	it's unreasonable to expect strangers to not do things to harm your child.	∀x∀y∀z(ChildOf(x,y) ∧ Stranger(z) ∧ DoesNotHarm(z,x) → evaluation(BAD))	1	∀x∀y∀z(ChildOf(y,x) ∧ Stranger(z) ∧ ¬Harm(z,x) → evaluation(BAD))	1	evaluation(BAD) | ~ChildOf(v77, v76) | ~Stranger(v78) | Harm(v78, v76)	1	INVALID HORN	0
643	5902	it's okay not to like liberals.	∀x(Liberal(x) ∧ ¬Likes(YOU,x) → evaluation(GOOD))	1	∀x(Liberal(x) ∧ ¬Likes(YOU,x) → evaluation(GOOD))	1	evaluation(GOOD) | ~Liberal(v85) | Likes(YOU, v85)	1	INVALID HORN	0
654	6002	it's bad to be skeptical when things don't seem right.	∀x∀y(Things(y) ∧ ¬SeemRight(y) ∧ Skeptical(x) → evaluation(BAD))	1	∀x∀y(Things(y) ∧ ¬SeemRight(y) ∧ Skeptical(x,y) → evaluation(BAD))	1	evaluation(BAD) | ~Things(v106) | SeemRight(v106) | ~Skeptical(v105, v106)	1	INVALID HORN	0
659	6008	it is good to avoid sitting by others on a roller coaster if you think you might throw up.	∀x∀y∀z(People(x) ∧ RollerCoaster(y) ∧ CouldThrowUp(x) ∧ ¬SitsNextToOn(x,z,y) → evaluation(GOOD))	1	∀x∀y∀z(People(x) ∧ RollerCoaster(y) ∧ CouldThrowUp(x) ∧ ¬SitsNextToOn(x,z,y) → evaluation(GOOD))	1	evaluation(GOOD) | ~People(v115) | ~RollerCoaster(v116) | ~CouldThrowUp(v115) | SitsNextToOn(v115, v117, v116)	1	INVALID HORN	0
663	6101	it is expected people won't want to stay long if they are annoyed with others.	∀x∀y∀z(People(x) ∧ AnnoyedWith(x,z) ∧ ¬People(z) ∧ ¬WantToStayLong(x,y) → evaluation(GOOD))	1	∀x∀y∃z(People(x) ∧ AnnoyedWith(x,z) ∧ ¬WantToStayLong(x,y) → evaluation(GOOD))	1	evaluation(GOOD) | ~People(v122) | ~AnnoyedWith(v122, f7(v122,v123)) | WantToStayLong(v122, v123)	1	INVALID HORN	0
671	6109	you should consider ending your marriage if you are very attracted to someone else.	∀x∀y∀z(MarriageOf(x,y) ∧ ∃w(People(w) ∧ ¬Equals(w,x) ∧ AttractedTo(z,w)) → ConsiderEnding(x,y) → evaluation(GOOD))	1	∀x∀y∀z∀w(MarriageOf(x,y) ∧ People(w) ∧ ¬Equals(w,x) ∧ AttractedTo(z,w) ∧ ConsiderEnding(z,y) → evaluation(GOOD))	1	evaluation(GOOD) | ~MarriageOf(v140, v141) | ~People(v143) | Equals(v143, v140) | ~AttractedTo(v142, v143) | ~ConsiderEnding(v142, v141)	1	INVALID HORN	0
695	6400	it's bad to be honest if you don't like something that your parents bought for you.	∀x∀y∀z(ParentsOf(x,y) ∧ BuysFor(z,x,y) ∧ ¬Likes(y,z) ∧ HonestAbout(y,z) → evaluation(BAD))	1	∀x∀y∀z(ParentsOf(x,y) ∧ BuysFor(x,y,z) ∧ ¬Likes(y,z) ∧ HonestAbout(y,z) → evaluation(BAD))	1	evaluation(BAD) | ~ParentsOf(v187, v188) | ~BuysFor(v187, v188, v189) | Likes(v188, v189) | ~HonestAbout(v188, v189)	1	INVALID HORN	0
703	6408	it's okay to not want anything to do with your sibling.	∀x∀y(SiblingOf(x,y) ∧ ¬WantsToDoAnythingWith(y,x) → evaluation(GOOD))	1	∀x∀y(SiblingOf(x,y) ∧ ¬WantsToDoAnythingWith(y,x) → evaluation(GOOD))	1	evaluation(GOOD) | ~SiblingOf(v7, v8) | WantsToDoAnythingWith(v8, v7)	1	INVALID HORN	0
711	6505	it is wrong to dictate another adults sleep schedule.	∀x∀y∃z(People(x) ∧ Adult(z) ∧ Not(x,z) ∧ SleepSchedule(y,z) ∧ Dictate(x,y) → evaluation(BAD))	1	∀x∀y∃z(People(x) ∧ Adult(z) ∧ ¬Equals(x,z) ∧ SleepSchedule(y,z) ∧ Dictate(x,y) → evaluation(BAD))	1	evaluation(BAD) | ~People(v26) | ~Adult(f3(v26,v27)) | Equals(v26, f3(v26,v27)) | ~SleepSchedule(v27, f3(v26,v27)) | ~Dictate(v26, v27)	1	INVALID HORN	0
719	6602	it's fine not to want to hear other's conversation you find objectionable.	∀x∀y∃z(Conversation(z) ∧ FindsObjectionable(x,z) ∧ ¬WantsToHear(x,z) → evaluation(GOOD))	1	∀x∀y∃z(Conversation(z) ∧ FindsObjectionable(x,z) ∧ ¬WantsToHear(y,z) → evaluation(GOOD))	1	evaluation(GOOD) | ~Conversation(f4(v39,v40)) | ~FindsObjectionable(v39, f4(v39,v40)) | WantsToHear(v40, f4(v39,v40))	1	INVALID HORN	0
725	6608	it's wrong to take pictures of people without their consent.	∀x∀y∀z(Picture(x) ∧ People(y) ∧ Take(z, x, y) ∧ ¬HasConsent(z, y, x) → evaluation(BAD))	1	∀x∀y∀z(Picture(x) ∧ People(y) ∧ Take(z, x, y) ∧ ¬HasConsent(y, z) → evaluation(BAD))	1	evaluation(BAD) | ~Picture(v51) | ~People(v52) | ~Take(v53, v51, v52) | HasConsent(v52, v53)	1	INVALID HORN	0
728	6700	it's okay to not trust your roommates.	∀x∀y(RoommateOf(x,y) ∧ ¬Trusts(x,y) → evaluation(GOOD))	1	∀x∀y(RoommateOf(x,y) ∧ ¬Trusts(x,y) → evaluation(GOOD))	1	evaluation(GOOD) | ~RoommateOf(v58, v59) | Trusts(v58, v59)	1	INVALID HORN	0
736	6708	you're not expected to pay forward a good act if someone paid forward a good act for you.	∀x∀y∀z(GoodAct(z) ∧ PaidForward(y,z) ∧ ForYou(x,y) ∧ PayForward(x,z) → ¬evaluation(GOOD))	1	∀x∀y∀z(GoodAct(z) ∧ PaidForward(y,z) ∧ ForYou(x,y) ∧ ¬PayForward(x,z) → evaluation(GOOD))	1	evaluation(GOOD) | ~GoodAct(v72) | ~PaidForward(v71, v72) | ~ForYou(v70, v71) | PayForward(v70, v72)	1	INVALID HORN	0
737	6709	employees are not expected to be responsible when granted a company vehicle.	∀x∀y(Employee(x) ∧ CompanyVehicle(y) ∧ Granted(x,y) ∧ ResponsibleWhenGranted(x,y) → evaluation(BAD))	1	∀x∀y(Employee(x) ∧ CompanyVehicle(y) ∧ Granted(x,y) ∧ ¬ResponsibleWhenGranted(x,y) → evaluation(BAD))	1	evaluation(BAD) | ~Employee(v73) | ~CompanyVehicle(v74) | ~Granted(v73, v74) | ResponsibleWhenGranted(v73, v74)	1	INVALID HORN	0
753	6903	you should always tell your friend if you don't want to be friends with them anymore.	∀x∀y(Friends(x,y) ∧ ¬WantsToBeFriends(x,y) ∧ Tells(x,y) → evaluation(GOOD))	1	∀x∀y(Friends(x,y) ∧ ¬WantsToBeFriends(x,y) → Tells(x,y) → evaluation(GOOD))	1	evaluation(GOOD) | ~Tells(v100, v101) | ~Friends(v100, v101) | WantsToBeFriends(v100, v101)	1	INVALID HORN	0
756	6906	you should not be careful when driving through mud in the rain.	∀x∀y∀z(Driving(x, y) ∧ Mud(y) ∧ Raining(z) → ¬Careful(x) → evaluation(BAD))	1	∀x∀y∀z(Driving(x, y) ∧ Mud(y) ∧ Raining(z) ∧ ¬Careful(x) → evaluation(BAD))	1	evaluation(BAD) | ~Driving(v106, v107) | ~Mud(v107) | ~Raining(v108) | Careful(v106)	1	INVALID HORN	0
759	6909	it's not illegal to not stay at the scene of an accident.	∀x∀y(Accident(y) ∧ SceneOf(x,y) ∧ ¬StaysAt(x) → evaluation(GOOD))	1	∀x∀y(Accident(y) ∧ SceneOf(x,y) ∧ ¬StaysAt(x) → evaluation(GOOD))	1	evaluation(GOOD) | ~Accident(v115) | ~SceneOf(v114, v115) | StaysAt(v114)	1	INVALID HORN	0
764	7003	you are not expected to be honest about who fathered your child.	∀x∀y∀z(ChildOf(y,z) ∧ BelongsTo(y,x) ∧ HonestAbout(x,z) → evaluation(BAD))	1	∀x∀y∀z(ChildOf(y,z) ∧ BelongsTo(y,x) ∧ ¬HonestAbout(x,z) → evaluation(BAD))	1	evaluation(BAD) | ~ChildOf(v127, v128) | ~BelongsTo(v127, v126) | HonestAbout(v126, v128)	1	INVALID HORN	0
775	7103	it is irrational that not everyone will enjoy a shift swap at work.	∀x∀y(Work(x) ∧ ShiftSwap(y,x) ∧ ¬∀z(People(z) → Enjoys(z,y)) → evaluation(BAD))	1	∀x∀y(Work(x) ∧ ShiftSwap(y,x) ∧ ¬∀z(People(z) → Enjoys(z,y)) → evaluation(BAD))	1	evaluation(BAD) | ~Work(v148) | ~ShiftSwap(v149, v148) | Enjoys(v150, v149) | ~People(v150)	1	INVALID HORN	0
782	7110	if you get a flat tire your spouse isn't expected to help you change it.	∀x∀y∀z(IsSpouseOf(x,y) ∧ HasFlatTire(z,x) ∧ HelpsChange(y,z) → evaluation(BAD))	1	∀x∀y∀z(IsSpouseOf(x,y) ∧ HasFlatTire(z,x) ∧ ¬HelpsChange(y,z) → evaluation(GOOD))	1	evaluation(GOOD) | ~IsSpouseOf(v163, v164) | ~HasFlatTire(v165, v163) | HelpsChange(v164, v165)	1	INVALID HORN	0
783	7200	if you take someone elses food it is important to make sure no one else sees you	∀x∀y∃z(Food(y) ∧ BelongsTo(y,z) ∧ Takes(x,y) ∧ NoOneSees(x) → evaluation(GOOD))	1	∀x∀y∀z(Food(y) ∧ BelongsTo(y,z) ∧ Takes(x,y) ∧ ¬SeesAnyoneElse(x) → evaluation(GOOD))	1	evaluation(GOOD) | ~Food(v167) | ~BelongsTo(v167, v168) | ~Takes(v166, v167) | SeesAnyoneElse(v166)	1	INVALID HORN	0
790	7208	you shouldn't remove channels you don't watch from your cable package.	∀x∀y((Channel(x) ∧ CablePackage(y) ∧ BelongsTo(y,x) ∧ ¬Watches(y,x)) → evaluation(BAD))	1	∀x∀y(Channel(x) ∧ CablePackage(y) ∧ BelongsTo(x,y) ∧ ¬Watch(y,x) → evaluation(BAD))	1	evaluation(BAD) | ~Channel(v180) | ~CablePackage(v181) | ~BelongsTo(v180, v181) | Watch(v181, v180)	1	INVALID HORN	0
796	7303	it's bad to cut out your best friend without explanation.	∀x∀y(Friend(y,x) ∧ Best(y,x) ∧ ¬Explains(x,y,CUT_OUT) → evaluation(BAD))	1	∀x∀y(Friend(y,x) ∧ Best(y,x) ∧ CutOut(x,y) ∧ ¬Explains(x,y,CUT_OUT) → evaluation(BAD))	1	evaluation(BAD) | ~Friend(v193, v192) | ~Best(v193, v192) | ~CutOut(v192, v193) | Explains(v192, v193, CUT_OUT)	1	INVALID HORN	0
799	7306	it's not ok if you don't want to go out with your colleagues.	∀x∀y((BelongsTo(x,y) ∧ Colleague(x) ∧ ¬WantsToGoOutWith(y,x)) → evaluation(BAD))	1	∀x(Colleague(x) ∧ ¬WantsToGoOutWith(YOU,x) → evaluation(BAD))	1	evaluation(BAD) | ~Colleague(v198) | WantsToGoOutWith(YOU, v198)	1	INVALID HORN	0
801	7308	if you have a test, you're not expected to be ready for it .	∀x∀y(Test(x) ∧ Has(y,x) ∧ ¬ReadyFor(y,x) → evaluation(BAD))	1	∀x∀y(Test(x) ∧ Has(y,x) ∧ ¬ReadyFor(y,x) → evaluation(GOOD))	1	evaluation(GOOD) | ~Test(v2) | ~Has(v3, v2) | ReadyFor(v3, v2)	1	INVALID HORN	0
840	7704	when you leave food out in the open, you shouldn't be surprised when animals get into it.	∀x∀y∀z(LeavesInOpen(x, FOOD) ∧ Animal(y) ∧ GetsInto(y, x) ∧ Surprised(z) → evaluation(BAD))	1	∀x∀y∀z(Food(x) ∧ LeavesInOpen(z, x) ∧ Animal(y) ∧ GetsInto(y, x) → ¬Surprised(z) → evaluation(BAD))	1	evaluation(BAD) | Surprised(v90) | ~Food(v88) | ~LeavesInOpen(v90, v88) | ~Animal(v89) | ~GetsInto(v89, v88)	1	INVALID HORN	0
841	7705	it's not understandable to want to get out of doing things with our friends we don't enjoy.	∀x∀y∀z∀w(Thing(w) ∧ Friends(x,y) ∧ NotEnjoy(y,w) ∧ WantToGetOutOfDoing(y,z,w) → evaluation(BAD))	1	∀x∀y∀z∀w(Thing(w) ∧ Friends(x,y) ∧ ¬Enjoy(y,w) ∧ WantToGetOutOfDoing(y,z,w) → evaluation(GOOD))	1	evaluation(GOOD) | ~Thing(v94) | ~Friends(v91, v92) | Enjoy(v92, v94) | ~WantToGetOutOfDoing(v92, v93, v94)	1	INVALID HORN	0
843	7707	you should not explain to someone why if you want to leave them.	∀x∀y(WantsToLeave(x, y) ∧ ExplainsTo(x,y,WHY) → evaluation(BAD))	1	∀x∀y(WantsToLeave(x, y) ∧ ¬ExplainsTo(x,y,WHY) → evaluation(GOOD))	1	evaluation(GOOD) | ~WantsToLeave(v97, v98) | ExplainsTo(v97, v98, WHY)	1	INVALID HORN	0
846	7710	it's fine to be hesitant about whether you're ready to adopt a child.	∀x∀y(Child(y) ∧ ReadyToAdopt(x, y) ∧ HesitantAbout(x, y) → evaluation(GOOD))	1	∀x∀y(Child(y) ∧ ¬ReadyToAdopt(x, y) ∧ HesitantAbout(x, y) → evaluation(GOOD))	1	evaluation(GOOD) | ~Child(v103) | ReadyToAdopt(v102, v103) | ~HesitantAbout(v102, v103)	1	INVALID HORN	0
852	7805	you shouldn't console your loved ones when they are upset.	∀x∀y(LovedOnes(y,x) ∧ Upset(y) ∧ Consoles(x,y) → evaluation(BAD))	1	∀x∀y(LovedOnes(y,x) ∧ Upset(y) ∧ ¬Consoles(x,y) → evaluation(BAD))	1	evaluation(BAD) | ~LovedOnes(v115, v114) | ~Upset(v115) | Consoles(v114, v115)	1	INVALID HORN	0
859	7901	it's okay to get frustrated when you feel that a relationship is not equal.	∀x∀y(Relationship(y) ∧ BelongsTo(y,x) ∧ ¬Equal(y) ∧ Feels(x,y) ∧ Frustrated(x) → evaluation(GOOD))	1	∀x∀y(Relationship(y) ∧ BelongsTo(y,x) ∧ ¬Equal(y) ∧ Feel(x,y) ∧ Frustrated(x) → evaluation(GOOD))	1	evaluation(GOOD) | ~Relationship(v128) | ~BelongsTo(v128, v127) | Equal(v128) | ~Feel(v127, v128) | ~Frustrated(v127)	1	INVALID HORN	0
861	7903	it is not ok to say what you like and what you don't	∀x∀y∀z(Likes(x,y) ∧ ¬Likes(x,z) ∧ SaysAboutLikesDislikes(x,y,z) → evaluation(BAD))	1	∀x∀y∀z(Likes(x,y) ∧ ¬Likes(x,z) ∧ SaysAboutLikesDislikes(x,y,z) → evaluation(BAD))	1	evaluation(BAD) | ~Likes(v131, v132) | Likes(v131, v133) | ~SaysAboutLikesDislikes(v131, v132, v133)	1	INVALID HORN	0
863	7905	people should feel obligated to answer numbers from callers they don't know.	∀x∀y∀z(People(x) ∧ Number(y) ∧ From(z,y) ∧ ¬Knows(x,z) ∧ FeelsObligatedToAnswer(x,y) → evaluation(GOOD))	1	∀x∀y∀z(People(x) ∧ Number(y) ∧ Caller(z,y) ∧ ¬Knows(x,z) ∧ FeelsObligatedToAnswer(x,y) → evaluation(GOOD))	1	evaluation(GOOD) | ~People(v136) | ~Number(v137) | ~Caller(v138, v137) | Knows(v136, v138) | ~FeelsObligatedToAnswer(v136, v137)	1	INVALID HORN	0
866	7908	it's good to tell people when you don't find them attractive.	∀x∀y(People(y) ∧ ¬FindsAttractive(x, y) ∧ Tells(x, y) → evaluation(GOOD))	1	∀x∀y(People(y) ∧ ¬FindsAttractive(x, y) ∧ Tells(x, y) → evaluation(GOOD))	1	evaluation(GOOD) | ~People(v142) | FindsAttractive(v141, v142) | ~Tells(v141, v142)	1	INVALID HORN	0
877	8008	it's bad to bring awareness to people who aren't pulling their weight.	∀x∀y(People(y) ∧ ¬PullsTheirWeight(y) ∧ BringsAwarenessTo(x,y) → evaluation(BAD))	1	∀x∀y(People(y) ∧ ¬PullsTheirWeight(y) ∧ BringsAwarenessTo(x,y) → evaluation(BAD))	1	evaluation(BAD) | ~People(v160) | PullsTheirWeight(v160) | ~BringsAwarenessTo(v159, v160)	1	INVALID HORN	0
883	8103	it is unkind to not kill your prey.	∀x∀y(PreyOf(y,x) ∧ ¬Kill(x,y) → evaluation(BAD))	1	∀x∀y(PreyOf(y,x) ∧ ¬Kill(x,y) → evaluation(BAD))	1	evaluation(BAD) | ~PreyOf(v172, v171) | Kill(v171, v172)	1	INVALID HORN	0
888	8108	it is ok to not have a good relationship with your child.	∀x∀y(ChildOf(y,x) ∧ ¬GoodRelationship(x,y) → evaluation(GOOD))	1	∀x∀y(ChildOf(y,x) ∧ ¬GoodRelationship(x,y) → evaluation(GOOD))	1	evaluation(GOOD) | ~ChildOf(v183, v182) | GoodRelationship(v182, v183)	1	INVALID HORN	0
890	8200	it's bad to take stuff you don't need.	∀x∀y(Stuff(x) ∧ Takes(y,x) ∧ ¬Needs(y,x) → evaluation(BAD))	1	∀x∀y(Stuff(x) ∧ Takes(y,x) ∧ ¬Needs(y,x) → evaluation(BAD))	1	evaluation(BAD) | ~Stuff(v186) | ~Takes(v187, v186) | Needs(v187, v186)	1	INVALID HORN	0
891	8201	if nothing means anything anymore, you should not get some help .	∀x∀y(NothingMeansAnythingAnymore(x) ∧ GetsHelp(y) → evaluation(BAD))	1	∀x∀y(NothingMeansAnythingAnymore(x) ∧ ¬GetsHelp(y) → evaluation(GOOD))	1	evaluation(GOOD) | ~NothingMeansAnythingAnymore(v188) | GetsHelp(v189)	1	INVALID HORN	0
896	8206	it's not frowned upon to not care about the negative impact your actions can have on others.	∀x∀y∃z(Action(x) ∧ BelongsTo(x,y) ∧ NegativeImpact(x,z) ∧ ¬CaresAbout(y,z) → evaluation(GOOD))	1	∀x∀y∃z(Action(x) ∧ BelongsTo(x,y) ∧ NegativeImpact(x,z) ∧ ¬CaresAbout(y,z) → evaluation(GOOD))	1	evaluation(GOOD) | ~Action(v200) | ~BelongsTo(v200, v201) | ~NegativeImpact(v200, f7(v200,v201)) | CaresAbout(v201, f7(v200,v201))	1	INVALID HORN	0
900	8210	it's insensitive to expect payment from someone without a job.	∀x∀y(ExpectPaymentFrom(x,y) ∧ ¬HasJob(y) → evaluation(BAD))	1	∀x∀y(ExpectPaymentFrom(x,y) ∧ ¬HasJob(y) → evaluation(BAD))	1	evaluation(BAD) | ~ExpectPaymentFrom(v3, v4) | HasJob(v4)	1	INVALID HORN	0
906	8305	it is not okay to have different friends than other people.	∀x∀y∃z(Friends(x,y) ∧ People(z) ∧ ¬Friends(z,y) → evaluation(BAD))	1	∀x∀y(∃z(People(z) ∧ Friends(x,y)) ∧ ∀w(People(w) ∧ ¬Friends(w,y)) → evaluation(BAD))	1	evaluation(BAD) | ~People(v17) | ~Friends(v14, v15) | ~People(v16) | Friends(v16, v15)	1	INVALID HORN	0
907	8306	it is wrong to ask someone who is not good for the group to leave.	∀x∀y∀z(Group(z) ∧ Member(y,z) ∧ ¬GoodFor(y,z) ∧ AsksToLeave(x,y) → evaluation(BAD))	1	∀x∀y∀z(Group(z) ∧ Member(y,z) ∧ ¬GoodFor(y,z) ∧ AsksToLeave(x,y) → evaluation(BAD))	1	evaluation(BAD) | ~Group(v20) | ~Member(v19, v20) | GoodFor(v19, v20) | ~AsksToLeave(v18, v19)	1	INVALID HORN	0
932	8509	if you feel sluggish, you should not get some sleep .	∀x(Feels(x, SLUGGISH) ∧ ¬Sleeps(x) → evaluation(GOOD))	1	∀x(Feels(x, SLUGGISH) ∧ ¬Sleeps(x) → evaluation(GOOD))	1	evaluation(GOOD) | ~Feels(v64, SLUGGISH) | Sleeps(v64)	1	INVALID HORN	0
938	8604	it is optional that you have a license to pilot a plane.	INVALID FOL: ∀x∀y(Pilot(x) ∧ Plane(y) ∧ HasLicense(x,y) → evaluation(GOOD)) ∧ ¬HasLicense(x,y) → evaluation(GOOD))	0	∀x∀y(Pilot(x) ∧ Plane(y) → (HasLicense(x,y) ∨ ¬HasLicense(x,y)) → evaluation(GOOD))	1	~HasLicense(v76, v77) | evaluation(GOOD) | ~Pilot(v76) | ~Plane(v77) & HasLicense(v76, v77) | evaluation(GOOD) | ~Pilot(v76) | ~Plane(v77)	1	INVALID HORN	0
945	8700	it is rude not to have basic hygiene.	∀x(¬HasBasicHygiene(x) → evaluation(BAD))	1	∀x(¬HasBasicHygiene(x) → evaluation(BAD))	1	evaluation(BAD) | HasBasicHygiene(v90)	1	INVALID HORN	0
948	8703	it is trivial to not spoil a child.	∀x∀y(Child(x) ∧ Parent(y) ∧ ¬Spoils(y, x) → evaluation(GOOD))	1	∀x∀y(Child(x) ∧ Parent(y) ∧ ¬Spoils(y, x) → evaluation(GOOD))	1	evaluation(GOOD) | ~Child(v95) | ~Parent(v96) | Spoils(v96, v95)	1	INVALID HORN	0
955	8710	when it comes to family, blood is not stronger than any words.	∀x∀y∀z(FamilyOf(x,y) ∧ Blood(x) ∧ Words(z) ∧ ¬StrongerThan(x,z) → evaluation(BAD))	1	∀x∀y∀z(FamilyOf(x,y) ∧ Blood(x) ∧ Words(z) ∧ ¬StrongerThan(x,z) → evaluation(GOOD))	1	evaluation(GOOD) | ~FamilyOf(v109, v110) | ~Blood(v109) | ~Words(v111) | StrongerThan(v109, v111)	1	INVALID HORN	0
968	8901	it's right not to express your emotions.	∀x∀y(Emotion(x) ∧ BelongsTo(x, y) ∧ ¬Express(y, x) → evaluation(GOOD))	1	∀x∀y(Emotion(x) ∧ BelongsTo(x, y) ∧ ¬Express(y, x) → evaluation(GOOD))	1	evaluation(GOOD) | ~Emotion(v139) | ~BelongsTo(v139, v140) | Express(v140, v139)	1	INVALID HORN	0
972	8905	people are not expected to treat work seriously.	∀x∀y(People(x) ∧ Work(y) ∧ TreatsSeriously(x,y) → evaluation(BAD))	1	∀x∀y(People(x) ∧ Work(y) ∧ ¬TreatsSeriously(x,y) → evaluation(GOOD))	1	evaluation(GOOD) | ~People(v147) | ~Work(v148) | TreatsSeriously(v147, v148)	1	INVALID HORN	0
975	8908	you should be careful so you don't get something stolen.	∀x∀y(Thing(y) ∧ BelongsTo(y,x) ∧ careful(x) ∧ ¬Stolen(y) → evaluation(GOOD))	1	∀x∀y(Thing(y) ∧ BelongsTo(y,x) ∧ careful(x) → ¬Stolen(y) → evaluation(GOOD))	1	evaluation(GOOD) | Stolen(v154) | ~Thing(v154) | ~BelongsTo(v154, v153) | ~careful(v153)	1	INVALID HORN	0
983	9005	it is unexpected that children should not be separated from their parents.	∀x∀y(Child(x) ∧ ParentOf(y,x) ∧ ¬SeparatedFrom(x,y) → evaluation(BAD))	1	∀x∀y(Child(x) ∧ ParentOf(y,x) ∧ ¬SeparatedFrom(x,y) → evaluation(GOOD))	1	evaluation(GOOD) | ~Child(v168) | ~ParentOf(v169, v168) | SeparatedFrom(v168, v169)	1	INVALID HORN	0
998	9109	you have to be faithful to a partner if you don't feel like it.	∀x∀y(PartnerOf(y,x) ∧ ¬FeelsLikeBeingFaithful(x,y) → evaluation(BAD))	1	∀x∀y(PartnerOf(y,x) ∧ ¬FeelsLikeBeingFaithful(x,y) → evaluation(BAD))	1	evaluation(BAD) | ~PartnerOf(v201, v200) | FeelsLikeBeingFaithful(v200, v201)	1	INVALID HORN	0
1004	9205	boyfriends are not expected to show support to their girlfriends when they are having a rough time.	∀x∀y(BoyfriendOf(x,y) ∧ HasRoughTime(y) ∧ ShowsSupport(x,y) → evaluation(BAD))	1	∀x∀y(BoyfriendOf(x,y) ∧ HasRoughTime(y) ∧ ¬ShowsSupport(x,y) → evaluation(BAD))	1	evaluation(BAD) | ~BoyfriendOf(v6, v7) | ~HasRoughTime(v7) | ShowsSupport(v6, v7)	1	INVALID HORN	0
