num	input_sequence	fol-translation	fol-eval	fol_adjustment-translation	fol_adjustment-eval	cnf	cnf-eval	horn	horn-eval
0	you should expect your friends to reveal everything about themselves to you.	∀x∀y∀z(Friends(x,y) ∧ SelfRevealing(z,x) → evaluation(GOOD))	1	∀x∀y(Friends(x,y) ∧ ∀z(SelfRevealing(y,z) → evaluation(GOOD)))	1	Friends(v0, v1) & evaluation(GOOD) | ~SelfRevealing(v1, v2)	1	(Friends(v0, v1)) ∧ (¬SelfRevealing(v1, v2) ∨ evaluation(GOOD))	1
1	you should ask too much of your family.	∀x∀y(FamilyOf(y,x) ∧ AsksTooMuch(x,y) → evaluation(GOOD))	1	∀x∀y(FamilyOf(y,x) ∧ AsksTooMuch(x,y) → evaluation(BAD))	1	evaluation(BAD) | ~FamilyOf(v4, v3) | ~AsksTooMuch(v3, v4)	1	(¬FamilyOf(v4, v3) ∨ ¬AsksTooMuch(v3, v4) ∨ evaluation(BAD))	1
2	it's good to meet new people when you go shopping.	∀x∀y∃z(GoesShopping(x) ∧ People(y) ∧ New(y) ∧ Meet(x,y) → evaluation(GOOD))	1	∀x∀y∃z(GoesShopping(x) ∧ People(y) ∧ New(y) ∧ Meet(x,y) → evaluation(GOOD))	1	evaluation(GOOD) | ~GoesShopping(v5) | ~People(v6) | ~New(v6) | ~Meet(v5, v6)	1	(¬GoesShopping(v5) ∨ ¬People(v6) ∨ ¬New(v6) ∨ ¬Meet(v5, v6) ∨ evaluation(GOOD))	1
3	it's good to be excited about getting your first paycheck.	INVALID FOL: ∀x∀y(First(Paycheck(y)) ∧ BelongsTo(y,x) ∧ ExcitedAbout(x,y) → evaluation(GOOD))	0	∀x∀y(FirstPaycheck(y) ∧ BelongsTo(y,x) ∧ ExcitedAbout(x,y) → evaluation(GOOD))	1	evaluation(GOOD) | ~FirstPaycheck(v8) | ~BelongsTo(v8, v7) | ~ExcitedAbout(v7, v8)	1	(¬FirstPaycheck(v8) ∨ ¬BelongsTo(v8, v7) ∨ ¬ExcitedAbout(v7, v8) ∨ evaluation(GOOD))	1
4	you're expected to make sure food you serve to others is safe to eat.	∀x∀y∀z(ServesTo(x,y,z) ∧ Food(z) ∧ SafeToEat(z) → evaluation(GOOD))	1	∀x∀y∀z(ServesTo(x,y,z) ∧ Food(z) → SafeToEat(z) → evaluation(GOOD))	1	evaluation(GOOD) | ~SafeToEat(v11) | ~ServesTo(v9, v10, v11) | ~Food(v11)	1	(¬SafeToEat(v11) ∨ ¬ServesTo(v9, v10, v11) ∨ ¬Food(v11) ∨ evaluation(GOOD))	1
5	it's bad to take an advantage in life when you see it.	∀x∀y(Sees(x,y) ∧ AdvantageInLife(y) ∧ Takes(x,y) → evaluation(BAD))	1	∀x∀y(Sees(x,y) ∧ AdvantageInLife(y) ∧ Takes(x,y) → evaluation(BAD))	1	evaluation(BAD) | ~Sees(v12, v13) | ~AdvantageInLife(v13) | ~Takes(v12, v13)	1	(¬Sees(v12, v13) ∨ ¬AdvantageInLife(v13) ∨ ¬Takes(v12, v13) ∨ evaluation(BAD))	1
6	you shouldn't try to steal your friend's significant other	∀x∀y∀z(FriendOf(x,y) ∧ SignificantOtherOf(z,y) ∧ TriesToSteal(x,z) → evaluation(BAD))	1	∀x∀y∀z(Friends(x,y) ∧ HasSignificantOther(y,z) ∧ TriesToSteal(x,z) → evaluation(BAD))	1	evaluation(BAD) | ~Friends(v14, v15) | ~HasSignificantOther(v15, v16) | ~TriesToSteal(v14, v16)	1	(¬Friends(v14, v15) ∨ ¬HasSignificantOther(v15, v16) ∨ ¬TriesToSteal(v14, v16) ∨ evaluation(BAD))	1
7	you shouldn't measure new furniture before buying.	∀x∀y(Furniture(x) ∧ New(x) ∧ Buys(y,x) ∧ ¬MeasuresBefore(y,x) → evaluation(GOOD))	1	∀x∀y(Furniture(x) ∧ New(x) ∧ Buys(y,x) ∧ ¬MeasuresBefore(y,x) → evaluation(BAD))	1	evaluation(BAD) | ~Furniture(v17) | ~New(v17) | ~Buys(v18, v17) | MeasuresBefore(v18, v17)	1	INVALID HORN	0
8	it's bad to get free driving lessons if you want to learn how to drive.	∀x∀y(WantsToLearn(x, DRIVE) ∧ FreeDrivingLesson(y) ∧ Gets(x, y) → evaluation(BAD))	1	∀x∀y(WantsToLearn(x, DRIVE) ∧ FreeDrivingLesson(y) ∧ Gets(x, y) → evaluation(BAD))	1	evaluation(BAD) | ~WantsToLearn(v19, DRIVE) | ~FreeDrivingLesson(v20) | ~Gets(v19, v20)	1	(¬WantsToLearn(v19, DRIVE) ∨ ¬FreeDrivingLesson(v20) ∨ ¬Gets(v19, v20) ∨ evaluation(BAD))	1
9	it's considered uncivilized to live in a van.	∀x(LivesIn(x, VAN) → evaluation(BAD))	1	∀x(LivesIn(x, VAN) → evaluation(BAD))	1	evaluation(BAD) | ~LivesIn(v21, VAN)	1	(¬LivesIn(v21, VAN) ∨ evaluation(BAD))	1
10	people are not expected to love their family.	∀x∀y(FamilyOf(y,x) ∧ Loves(x,y) → evaluation(BAD))	1	∀x∀y(FamilyOf(y,x) ∧ Loves(x,y) → evaluation(GOOD))	1	evaluation(GOOD) | ~FamilyOf(v23, v22) | ~Loves(v22, v23)	1	(¬FamilyOf(v23, v22) ∨ ¬Loves(v22, v23) ∨ evaluation(GOOD))	1
100	it's good to take care and do nice things for yourself.	∀x∀y(TakeCareOf(x, x) ∧ NiceThing(y) ∧ DoFor(x, y) → evaluation(GOOD))	1	∀x∀y(TakeCareOf(x, x) ∧ NiceThing(y) ∧ DoFor(x, y) → evaluation(GOOD))	1	evaluation(GOOD) | ~TakeCareOf(v24, v24) | ~NiceThing(v25) | ~DoFor(v24, v25)	1	(¬TakeCareOf(v24, v24) ∨ ¬NiceThing(v25) ∨ ¬DoFor(v24, v25) ∨ evaluation(GOOD))	1
101	it's okay to have doubts about your employers programs.	∀x∀y(Employer(x) ∧ Program(y) ∧ BelongsTo(y,x) ∧ HasDoubtsAbout(YOU, y) → evaluation(GOOD))	1	∀x∀y(Employer(x) ∧ Program(y) ∧ BelongsTo(y,x) ∧ HasDoubtsAbout(YOU, y) → evaluation(GOOD))	1	evaluation(GOOD) | ~Employer(v26) | ~Program(v27) | ~BelongsTo(v27, v26) | ~HasDoubtsAbout(YOU, v27)	1	(¬Employer(v26) ∨ ¬Program(v27) ∨ ¬BelongsTo(v27, v26) ∨ ¬HasDoubtsAbout(YOU, v27) ∨ evaluation(GOOD))	1
102	it's fun to hire a tour guide to learn about new places.	∀x∀y∀z(TourGuide(x) ∧ Hires(y,x) ∧ NewPlaces(z) ∧ LearnsAbout(y,z) → evaluation(GOOD))	1	∀x∀y∀z(TourGuide(x) ∧ Hires(y,x) ∧ NewPlaces(z) ∧ LearnAbout(y,z) → evaluation(GOOD))	1	evaluation(GOOD) | ~TourGuide(v28) | ~Hires(v29, v28) | ~NewPlaces(v30) | ~LearnAbout(v29, v30)	1	(¬TourGuide(v28) ∨ ¬Hires(v29, v28) ∨ ¬NewPlaces(v30) ∨ ¬LearnAbout(v29, v30) ∨ evaluation(GOOD))	1
103	it's good to go out camping with your buddies.	∀x∀y∀z∀w(Buddies(x,y) ∧ Outdoors(w) ∧ CampingIn(z,w) ∧ Goes(x,z) → evaluation(GOOD))	1	∀x∀y∀z(Buddies(x,y) ∧ Outdoors(z) ∧ GoCampingWith(x,y,z) → evaluation(GOOD))	1	evaluation(GOOD) | ~Buddies(v31, v32) | ~Outdoors(v33) | ~GoCampingWith(v31, v32, v33)	1	(¬Buddies(v31, v32) ∨ ¬Outdoors(v33) ∨ ¬GoCampingWith(v31, v32, v33) ∨ evaluation(GOOD))	1
104	people should date others based solely on their age.	∀x∀y∃z(People(x) ∧ People(z) ∧ AgeOf(y,z) ∧ DateBasedOn(x,z,y) → evaluation(GOOD))	1	∀x∀y∀z(People(x) ∧ People(z) ∧ AgeOf(y,z) ∧ DateBasedOn(x,z,y) → evaluation(GOOD))	1	evaluation(GOOD) | ~People(v34) | ~People(v36) | ~AgeOf(v35, v36) | ~DateBasedOn(v34, v36, v35)	1	(¬People(v34) ∨ ¬People(v36) ∨ ¬AgeOf(v35, v36) ∨ ¬DateBasedOn(v34, v36, v35) ∨ evaluation(GOOD))	1
105	you should sleep around if you don't want an std.	∀x(SleepsAround(x) ∧ ¬Wants(x, STD) → evaluation(GOOD))	1	∀x(SleepsAround(x) ∧ ¬Wants(x, STD) → evaluation(BAD))	1	evaluation(BAD) | ~SleepsAround(v37) | Wants(v37, STD)	1	INVALID HORN	0
106	you should not always get registration information when in an accident	INVALID FOL: ∀x∀y(Accident(x) ∧ In(y, x) ∧ Always(Get(y, RegistrationInformation(x))) → evaluation(BAD))	0	INVALID FOL: ∀x∀y(Accident(x) ∧ In(y, x) ∧ Always(Get(y, RegistrationInformation(x))) → evaluation(BAD))	0	INVALID	-2	INVALID	-2
107	people should root for the success of their friends' relationships.	∀x∀y∀z(People(x) ∧ Friends(y,x) ∧ Relationship(z,y) ∧ RootForSuccessOf(x,z) → evaluation(GOOD))	1	∀x∀y∀z(People(x) ∧ Friends(y,x) ∧ Relationship(z,y) ∧ RootForSuccessOf(x,z) → evaluation(GOOD))	1	evaluation(GOOD) | ~People(v38) | ~Friends(v39, v38) | ~Relationship(v40, v39) | ~RootForSuccessOf(v38, v40)	1	(¬People(v38) ∨ ¬Friends(v39, v38) ∨ ¬Relationship(v40, v39) ∨ ¬RootForSuccessOf(v38, v40) ∨ evaluation(GOOD))	1
108	getting circumcised isn't normal.	∀x(Circumcised(x) → ¬Normal(x) → evaluation(BAD))	1	∀x(Circumcised(x) ∧ ¬Normal(x) → evaluation(BAD))	1	evaluation(BAD) | ~Circumcised(v41) | Normal(v41)	1	INVALID HORN	0
109	it's not ok to be frustrated when you work on amazon mechanical turk.	∀x(WorksOn(x, AMAZON_MECHANICAL_TURK) ∧ Frustrated(x) → evaluation(BAD))	1	∀x(WorksOn(x, AMAZON_MECHANICAL_TURK) ∧ Frustrated(x) → evaluation(BAD))	1	evaluation(BAD) | ~WorksOn(v42, AMAZON_MECHANICAL_TURK) | ~Frustrated(v42)	1	(¬WorksOn(v42, AMAZON_MECHANICAL_TURK) ∨ ¬Frustrated(v42) ∨ evaluation(BAD))	1
110	it's bad for your health scare to be averted.	∀x∀y(HealthScare(x) ∧ BelongsTo(x,y) ∧ Averted(x) → evaluation(BAD))	1	∀x∀y(HealthScare(x) ∧ BelongsTo(x,y) ∧ Averted(x) → evaluation(GOOD))	1	evaluation(GOOD) | ~HealthScare(v43) | ~BelongsTo(v43, v44) | ~Averted(v43)	1	(¬HealthScare(v43) ∨ ¬BelongsTo(v43, v44) ∨ ¬Averted(v43) ∨ evaluation(GOOD))	1
200	it is bad to support a friend staying quit from smoking.	∀x∀y(Friend(x,y) ∧ QuidSmoking(y) ∧ Supports(x,y) → evaluation(BAD))	1	∀x∀y(Friend(x,y) ∧ QuidSmoking(y) ∧ Supports(x,y) → evaluation(GOOD))	1	evaluation(GOOD) | ~Friend(v45, v46) | ~QuidSmoking(v46) | ~Supports(v45, v46)	1	(¬Friend(v45, v46) ∨ ¬QuidSmoking(v46) ∨ ¬Supports(v45, v46) ∨ evaluation(GOOD))	1
201	it's wrong to single someone out based on their race.	∀x∀y∃z(People(x) ∧ RaceAttribute(y,z) ∧ SinglesOutBasedOn(x,z) → evaluation(BAD))	1	∀x∀y∃z(People(x) ∧ RaceAttribute(y,z) ∧ SinglesOutBasedOn(x,z) → evaluation(BAD))	1	evaluation(BAD) | ~People(v47) | ~RaceAttribute(v48, f1(v47,v48)) | ~SinglesOutBasedOn(v47, f1(v47,v48))	1	(¬People(v47) ∨ ¬RaceAttribute(v48, f1(v47,v48)) ∨ ¬SinglesOutBasedOn(v47, f1(v47,v48)) ∨ evaluation(BAD))	1
202	you shouldn't get help if your anxiety is interfering with your daily life	∀x∀y(AnxietyOf(x,y) ∧ InterferesWithDailyLife(y) ∧ GetsHelp(y) → evaluation(BAD))	1	∀x∀y(AnxietyOf(x,y) ∧ InterferesWithDailyLife(y) ∧ GetsHelp(y) → evaluation(GOOD))	1	evaluation(GOOD) | ~AnxietyOf(v49, v50) | ~InterferesWithDailyLife(v50) | ~GetsHelp(v50)	1	(¬AnxietyOf(v49, v50) ∨ ¬InterferesWithDailyLife(v50) ∨ ¬GetsHelp(v50) ∨ evaluation(GOOD))	1
203	it is unexpected people will feel proud of their country.	∀x∀y(People(x) ∧ Country(y) ∧ BelongsTo(y,x) ∧ ProudOf(x,y) → evaluation(BAD))	1	∀x∀y(People(x) ∧ Country(y) ∧ BelongsTo(y,x) ∧ ProudOf(x,y) → evaluation(GOOD))	1	evaluation(GOOD) | ~People(v51) | ~Country(v52) | ~BelongsTo(v52, v51) | ~ProudOf(v51, v52)	1	(¬People(v51) ∨ ¬Country(v52) ∨ ¬BelongsTo(v52, v51) ∨ ¬ProudOf(v51, v52) ∨ evaluation(GOOD))	1
204	it's expected that you won't cut off family members.	∀x∀y(FamilyOf(y,x) ∧ ¬CutsOff(x,y) → evaluation(GOOD))	1	∀x∀y(FamilyOf(x,y) ∧ ¬CutsOff(x,y) → evaluation(GOOD))	1	evaluation(GOOD) | ~FamilyOf(v53, v54) | CutsOff(v53, v54)	1	INVALID HORN	0
205	it's bad to show one's feelings for your partner.	∀x∀y(Feeling(x) ∧ PartnerOf(y) ∧ ShowTo(x,y) → evaluation(BAD))	1	∀x∀y(Partner(y) ∧ FeelingsFor(x,y) ∧ Show(x) → evaluation(BAD))	1	evaluation(BAD) | ~Partner(v56) | ~FeelingsFor(v55, v56) | ~Show(v55)	1	(¬Partner(v56) ∨ ¬FeelingsFor(v55, v56) ∨ ¬Show(v55) ∨ evaluation(BAD))	1
206	it is good to be the bigger person and not hold a grudge.	∀x(BiggerPerson(x) ∧ ¬HoldGrudge(x) → evaluation(GOOD))	1	∀x(BiggerPerson(x) ∧ ¬HoldGrudge(x) → evaluation(GOOD))	1	evaluation(GOOD) | ~BiggerPerson(v57) | HoldGrudge(v57)	1	INVALID HORN	0
207	it's not admirable when people are able to admit their mistakes.	∀x∃y(People(y) ∧ Mistake(x) ∧ BelongsTo(x,y) ∧ Admits(y,x) → evaluation(BAD))	1	∀x∃y(People(y) ∧ Mistake(x) ∧ BelongsTo(x,y) ∧ Admits(y,x) → evaluation(GOOD))	1	evaluation(GOOD) | ~People(f2(v58)) | ~Mistake(v58) | ~BelongsTo(v58, f2(v58)) | ~Admits(f2(v58), v58)	1	(¬People(f2(v58)) ∨ ¬Mistake(v58) ∨ ¬BelongsTo(v58, f2(v58)) ∨ ¬Admits(f2(v58), v58) ∨ evaluation(GOOD))	1
208	it's good to care about your family's history.	∀x∀y∀z(FamilyOf(x,y) ∧ HistoryOf(z,x) ∧ CaresAbout(y,z) → evaluation(GOOD))	1	∀x∀y∀z(FamilyOf(x,y) ∧ History(z,y) ∧ CaresAbout(x,z) → evaluation(GOOD))	1	evaluation(GOOD) | ~FamilyOf(v59, v60) | ~History(v61, v60) | ~CaresAbout(v59, v61)	1	(¬FamilyOf(v59, v60) ∨ ¬History(v61, v60) ∨ ¬CaresAbout(v59, v61) ∨ evaluation(GOOD))	1
209	it's bad to phrase something awkwardly.	∀x∀y(Thing(y) ∧ Phrases(x, y) ∧ Awkwardly(x) → evaluation(BAD))	1	∀x∀y(Thing(y) ∧ Phrases(x, y) ∧ Awkwardly(x, y) → evaluation(BAD))	1	evaluation(BAD) | ~Thing(v63) | ~Phrases(v62, v63) | ~Awkwardly(v62, v63)	1	(¬Thing(v63) ∨ ¬Phrases(v62, v63) ∨ ¬Awkwardly(v62, v63) ∨ evaluation(BAD))	1
210	it's not okay to expect someone care about to be a perfect person.	∀x∃y(Person(y) ∧ Perfect(y) ∧ ExpectsToBe(x, y) → evaluation(BAD))	1	∀x∃y(Person(y) ∧ CareAbout(x, y) ∧ ExpectToBePerfect(x, y) → evaluation(BAD))	1	evaluation(BAD) | ~Person(f3(v64)) | ~CareAbout(v64, f3(v64)) | ~ExpectToBePerfect(v64, f3(v64))	1	(¬Person(f3(v64)) ∨ ¬CareAbout(v64, f3(v64)) ∨ ¬ExpectToBePerfect(v64, f3(v64)) ∨ evaluation(BAD))	1
300	it's unreasonable to be compassionate when someone shares that they've suffered a loss in their family.	∀x∀y∃z(People(z) ∧ FamilyOf(y,z) ∧ SufferedLoss(y) ∧ Shares(z,y) ∧ Compassionate(x) → evaluation(BAD))	1	∀x∀y∀z(People(z) ∧ FamilyOf(y,z) ∧ SufferedLoss(y) ∧ Shares(z,y) ∧ Compassionate(x) → evaluation(BAD))	1	evaluation(BAD) | ~People(v67) | ~FamilyOf(v66, v67) | ~SufferedLoss(v66) | ~Shares(v67, v66) | ~Compassionate(v65)	1	(¬People(v67) ∨ ¬FamilyOf(v66, v67) ∨ ¬SufferedLoss(v66) ∨ ¬Shares(v67, v66) ∨ ¬Compassionate(v65) ∨ evaluation(BAD))	1
302	it is good not to spend money you do not have.	∀x∀y(Money(y) ∧ ¬Has(x,y) ∧ ¬Spend(x,y) → evaluation(GOOD))	1	∀x∀y(Money(y) ∧ ¬Has(x,y) ∧ Spend(x,y) → evaluation(BAD))	1	evaluation(BAD) | ~Money(v69) | Has(v68, v69) | ~Spend(v68, v69)	1	INVALID HORN	0
303	it's bad to make your life easier.	∀x∀y(LifeOf(y,x) ∧ MakeEasier(x,y) → evaluation(BAD))	1	∀x(Life(x) ∧ MakeEasier(x) → evaluation(BAD))	1	evaluation(BAD) | ~Life(v70) | ~MakeEasier(v70)	1	(¬Life(v70) ∨ ¬MakeEasier(v70) ∨ evaluation(BAD))	1
304	it's ok to have a debate with someone.	∀x∃y(Person(x) ∧ Person(y) ∧ DebatesWith(x,y) → evaluation(GOOD))	1	∀x∃y(Person(x) ∧ Person(y) ∧ DebatesWith(x,y) → evaluation(GOOD))	1	evaluation(GOOD) | ~Person(v71) | ~Person(f4(v71)) | ~DebatesWith(v71, f4(v71))	1	(¬Person(v71) ∨ ¬Person(f4(v71)) ∨ ¬DebatesWith(v71, f4(v71)) ∨ evaluation(GOOD))	1
305	you shouldn't watch tv at work.	∀x∀y(WorkplaceOf(x,y) ∧ Watches(x,TV) → evaluation(BAD))	1	∀x∀y(Work(x) ∧ Watch(x,TV) → evaluation(BAD))	1	evaluation(BAD) | ~Work(v72) | ~Watch(v72, TV)	1	(¬Work(v72) ∨ ¬Watch(v72, TV) ∨ evaluation(BAD))	1
306	it's wrong to let your partner know your boundaries regarding contact with exes.	∀x∀y∀z(PartnerOf(x,y) ∧ HasContactWith(y,z) ∧ Exes(z,y) ∧ KnowsAbout(x,z) → evaluation(BAD))	1	∀x∀y∀z(PartnerOf(x,y) ∧ Exes(z,y) ∧ BoundariesRegardingContactWith(y, z) ∧ LetKnow(x,y,z) → evaluation(BAD))	1	evaluation(BAD) | ~PartnerOf(v74, v75) | ~Exes(v76, v75) | ~BoundariesRegardingContactWith(v75, v76) | ~LetKnow(v74, v75, v76)	1	(¬PartnerOf(v74, v75) ∨ ¬Exes(v76, v75) ∨ ¬BoundariesRegardingContactWith(v75, v76) ∨ ¬LetKnow(v74, v75, v76) ∨ evaluation(BAD))	1
307	it's considered rude to badmouth friends' significant others.	∀x∀y∀z(Friends(x, y) ∧ SignificantOther(z, y) ∧ Badmouths(x, z) → evaluation(BAD))	1	∀x∀y∀z(Friends(x, y) ∧ HasSignificantOther(y,z) ∧ Badmouth(x, z) → evaluation(BAD))	1	evaluation(BAD) | ~Friends(v77, v78) | ~HasSignificantOther(v78, v79) | ~Badmouth(v77, v79)	1	(¬Friends(v77, v78) ∨ ¬HasSignificantOther(v78, v79) ∨ ¬Badmouth(v77, v79) ∨ evaluation(BAD))	1
308	it's expected that you stay with the person you plan on marrying.	∀x∀y(PlansMarriageWith(x,y) ∧ StaysWith(x,y) → evaluation(GOOD))	1	∀x∀y(PlansMarriageWith(x,y) ∧ StaysWith(x,y) → evaluation(GOOD))	1	evaluation(GOOD) | ~PlansMarriageWith(v80, v81) | ~StaysWith(v80, v81)	1	(¬PlansMarriageWith(v80, v81) ∨ ¬StaysWith(v80, v81) ∨ evaluation(GOOD))	1
309	it is polite to not listen to people's feelings.	∀x∀y(People(y) ∧ FeelingOf(x,y) ∧ ¬ListensTo(y,x) → evaluation(GOOD))	1	∀x∀y(People(y) ∧ FeelingOf(x,y) ∧ ¬ListensTo(y,x) → evaluation(BAD))	1	evaluation(BAD) | ~People(v83) | ~FeelingOf(v82, v83) | ListensTo(v83, v82)	1	INVALID HORN	0
310	it's taboo to admit that you don't like your step child.	∀x∀y(StepChildOf(y,x) ∧ ¬Likes(x,y) → evaluation(BAD))	1	∀x∀y(StepChildOf(y,x) ∧ ¬Likes(x,y) → evaluation(BAD))	1	evaluation(BAD) | ~StepChildOf(v85, v84) | Likes(v84, v85)	1	INVALID HORN	0
400	it is fine to drink sugary soda.	∀x(SugarySoda(x) ∧ Drinks(YOU,x) → evaluation(GOOD))	1	∀x(SugarySoda(x) ∧ Drinks(YOU,x) → evaluation(GOOD))	1	evaluation(GOOD) | ~SugarySoda(v86) | ~Drinks(YOU, v86)	1	(¬SugarySoda(v86) ∨ ¬Drinks(YOU, v86) ∨ evaluation(GOOD))	1
401	you should expect to avoid spoilers for a show that is old.	∀x∀y(Show(x) ∧ Old(x) ∧ SpoilerFor(y,x) ∧ ExpectsToAvoid(y) → evaluation(GOOD))	1	∀x∀y(Show(x) ∧ Old(x) ∧ ShouldExpectToAvoid(y,x) → evaluation(GOOD))	1	evaluation(GOOD) | ~Show(v87) | ~Old(v87) | ~ShouldExpectToAvoid(v88, v87)	1	(¬Show(v87) ∨ ¬Old(v87) ∨ ¬ShouldExpectToAvoid(v88, v87) ∨ evaluation(GOOD))	1
402	you should intentionally harm someone's things.	∀x∀y∃z(Thing(x) ∧ BelongsTo(x,z) ∧ Harming(y,x) ∧ Intentional(y) → evaluation(BAD))	1	∀x∀y∃z(Thing(x) ∧ BelongsTo(x,z) ∧ Harming(y,x) ∧ Intentional(y) → evaluation(GOOD))	1	evaluation(GOOD) | ~Thing(v89) | ~BelongsTo(v89, f5(v89,v90)) | ~Harming(v90, v89) | ~Intentional(v90)	1	(¬Thing(v89) ∨ ¬BelongsTo(v89, f5(v89,v90)) ∨ ¬Harming(v90, v89) ∨ ¬Intentional(v90) ∨ evaluation(GOOD))	1
403	it's not fair to have one pet roam the house while the others are locked up.	∀x∀y∃z(Pet(x) ∧ Pet(y) ∧ RoamHouse(x) ∧ LockedUp(y) ∧ NotEqual(x,y) → evaluation(BAD))	1	∀x∀y∃z(Pet(x) ∧ Pet(y) ∧ RoamHouse(x) ∧ LockedUp(y) ∧ ¬Equal(x,y) → evaluation(BAD))	1	evaluation(BAD) | ~Pet(v91) | ~Pet(v92) | ~RoamHouse(v91) | ~LockedUp(v92) | Equal(v91, v92)	1	INVALID HORN	0
404	it's not your right to complain about a teacher who is not performing up to standard.	∀x∀y∀z(Teacher(y) ∧ NotPerformingUpToStandard(y) ∧ ComplainsAbout(z, y) ∧ NotRightOf(z,x) → evaluation(BAD))	1	∀x∀y(Teacher(y) ∧ ¬PerformingUpToStandard(y) ∧ ComplainsAbout(x, y) → evaluation(BAD))	1	evaluation(BAD) | ~Teacher(v94) | PerformingUpToStandard(v94) | ~ComplainsAbout(v93, v94)	1	INVALID HORN	0
405	you should talk to people about your fetishes.	∀x∀y∃z(Fetish(x) ∧ BelongsTo(x,y) ∧ People(z) ∧ TalkToAbout(y,z,x) → evaluation(GOOD))	1	∀x∀y∃z(Fetish(x) ∧ BelongsTo(x,y) ∧ People(z) ∧ TalkToAbout(y,z,x) → evaluation(GOOD))	1	evaluation(GOOD) | ~Fetish(v95) | ~BelongsTo(v95, v96) | ~People(f7(v95,v96)) | ~TalkToAbout(v96, f7(v95,v96), v95)	1	(¬Fetish(v95) ∨ ¬BelongsTo(v95, v96) ∨ ¬People(f7(v95,v96)) ∨ ¬TalkToAbout(v96, f7(v95,v96), v95) ∨ evaluation(GOOD))	1
406	it is rude to point out physical differences in people.	∀x∀y∀z(People(x) ∧ People(y) ∧ PhysicalDifference(x,y,z) ∧ PointOut(x,y,z) → evaluation(BAD))	1	∀x∀y∀z(People(x) ∧ People(y) ∧ PhysicalDifference(x,y) ∧ PointOut(z,x,y) → evaluation(BAD))	1	evaluation(BAD) | ~People(v97) | ~People(v98) | ~PhysicalDifference(v97, v98) | ~PointOut(v99, v97, v98)	1	(¬People(v97) ∨ ¬People(v98) ∨ ¬PhysicalDifference(v97, v98) ∨ ¬PointOut(v99, v97, v98) ∨ evaluation(BAD))	1
407	you shouldn't expect everyone to celebrate their birthday.	∀x∀y(Birthday(y) ∧ BelongsTo(y,x) ∧ ExpectsEveryoneToCelebrate(y) → evaluation(BAD))	1	∀x(BirthdayOf(x) ∧ ExpectsEveryoneToCelebrate(x) → evaluation(BAD))	1	evaluation(BAD) | ~BirthdayOf(v100) | ~ExpectsEveryoneToCelebrate(v100)	1	(¬BirthdayOf(v100) ∨ ¬ExpectsEveryoneToCelebrate(v100) ∨ evaluation(BAD))	1
408	you should always support your friends at their wedding.	∀x∀y(Friends(x,y) ∧ WeddingOf(y) ∧ Supports(x,y) → evaluation(GOOD))	1	∀x∀y(Friends(x,y) ∧ WeddingOf(y) ∧ Supports(x,y) → evaluation(GOOD))	1	evaluation(GOOD) | ~Friends(v101, v102) | ~WeddingOf(v102) | ~Supports(v101, v102)	1	(¬Friends(v101, v102) ∨ ¬WeddingOf(v102) ∨ ¬Supports(v101, v102) ∨ evaluation(GOOD))	1
409	it's not ok to join in on fun activities.	∀x∀y(FunActivities(y) ∧ Join(x, y) → evaluation(BAD))	1	∀x∀y(Activity(y) ∧ Fun(y) ∧ JoinInOn(x,y) → evaluation(BAD))	1	evaluation(BAD) | ~Activity(v104) | ~Fun(v104) | ~JoinInOn(v103, v104)	1	(¬Activity(v104) ∨ ¬Fun(v104) ∨ ¬JoinInOn(v103, v104) ∨ evaluation(BAD))	1
410	it's not ok to report someone who is shoplifting.	∀x∀y(Report(x,y) ∧ Shoplifting(y) → evaluation(BAD))	1	∀x∃y(Report(x,y) ∧ Shoplifting(y) → evaluation(BAD))	1	evaluation(BAD) | ~Report(v105, f8(v105)) | ~Shoplifting(f8(v105))	1	(¬Report(v105, f8(v105)) ∨ ¬Shoplifting(f8(v105)) ∨ evaluation(BAD))	1
500	it's ok to enjoy oral sex.	∀x(Enjoys(x, ORAL_SEX) → evaluation(GOOD))	1	∀x(Enjoys(x, ORAL_SEX) → evaluation(GOOD))	1	evaluation(GOOD) | ~Enjoys(v106, ORAL_SEX)	1	(¬Enjoys(v106, ORAL_SEX) ∨ evaluation(GOOD))	1
501	it's okay to be weary about a job applicant's past.	∀x∀y(Applicant(x) ∧ Past(y,x) ∧ WearyAbout(y) → evaluation(GOOD))	1	∀x∀y∀z(Applicant(x) ∧ Past(y,x) ∧ WearyAbout(z,y) → evaluation(GOOD))	1	evaluation(GOOD) | ~Applicant(v107) | ~Past(v108, v107) | ~WearyAbout(v109, v108)	1	(¬Applicant(v107) ∨ ¬Past(v108, v107) ∨ ¬WearyAbout(v109, v108) ∨ evaluation(GOOD))	1
502	it's not okay to leave a relationship that doesn't work for you.	∀x∀y∀z(Relationship(z) ∧ Involves(x,z) ∧ ¬WorksFor(z,y) → evaluation(BAD))	1	∀x∀y∀z(Relationship(z) ∧ Involves(x,z) ∧ ¬WorksFor(z,y) ∧ Leave(x,z) → evaluation(BAD))	1	evaluation(BAD) | ~Relationship(v112) | ~Involves(v110, v112) | WorksFor(v112, v111) | ~Leave(v110, v112)	1	INVALID HORN	0
503	surviving a plane crash is lucky.	∀x∀y(PlaneCrash(y) ∧ Survived(x,y) → evaluation(GOOD))	1	∀x∀y(PlaneCrash(y) ∧ Survived(x,y) → evaluation(GOOD))	1	evaluation(GOOD) | ~PlaneCrash(v114) | ~Survived(v113, v114)	1	(¬PlaneCrash(v114) ∨ ¬Survived(v113, v114) ∨ evaluation(GOOD))	1
504	it's not okay to have someone in your life that makes you miserable.	∀x∀y∃z(People(x) ∧ InYourLife(z,x) ∧ MakesMiserable(y,z) → evaluation(BAD))	1	∀x∀y∃z(People(x) ∧ InYourLife(y,x) ∧ MakesMiserable(y,z) → evaluation(BAD))	1	evaluation(BAD) | ~People(v115) | ~InYourLife(v116, v115) | ~MakesMiserable(v116, f9(v115,v116))	1	(¬People(v115) ∨ ¬InYourLife(v116, v115) ∨ ¬MakesMiserable(v116, f9(v115,v116)) ∨ evaluation(BAD))	1
505	it's wrong to get involved in drug activity.	∀x(DrugActivity(x) ∧ InvolvedIn(y,x) → evaluation(BAD))	1	∀x∀y(DrugActivity(x) ∧ InvolvedIn(y,x) → evaluation(BAD))	1	evaluation(BAD) | ~DrugActivity(v117) | ~InvolvedIn(v118, v117)	1	(¬DrugActivity(v117) ∨ ¬InvolvedIn(v118, v117) ∨ evaluation(BAD))	1
506	telling your girlfriend that her wardrobe is attractive is hurtful.	INVALID FOL: ∀x∀y(Wardrobe(y) ∧ BelongsTo(y,GIRLFRIEND) ∧ Tells(x,GIRLFRIEND, Attractive(y)) → evaluation(BAD))	0	INVALID FOL: ∀x∀y(Wardrobe(y) ∧ BelongsTo(y,GIRLFRIEND) ∧ Tells(x,GIRLFRIEND, Attractive(y)) → evaluation(BAD))	0	INVALID	-2	INVALID	-2
507	it's expected that you try to compromise with your friends.	∀x∀y(Friends(x,y) ∧ TriesToCompromiseWith(x, y) → evaluation(GOOD))	1	∀x∀y(Friends(x,y) ∧ TriesToCompromiseWith(x, y) → evaluation(GOOD))	1	evaluation(GOOD) | ~Friends(v119, v120) | ~TriesToCompromiseWith(v119, v120)	1	(¬Friends(v119, v120) ∨ ¬TriesToCompromiseWith(v119, v120) ∨ evaluation(GOOD))	1
508	it's not rude to watch youtube channels just to bully children.	∀x∀y∀z(Children(y) ∧ Bully(x,y) ∧ Watch(x,z) ∧ YoutubeChannel(z) → evaluation(GOOD))	1	∀x∀y∀z(Children(y) ∧ Bully(x,y) ∧ Watch(x,z) ∧ YoutubeChannel(z) → evaluation(BAD))	1	evaluation(BAD) | ~Children(v122) | ~Bully(v121, v122) | ~Watch(v121, v123) | ~YoutubeChannel(v123)	1	(¬Children(v122) ∨ ¬Bully(v121, v122) ∨ ¬Watch(v121, v123) ∨ ¬YoutubeChannel(v123) ∨ evaluation(BAD))	1
509	it is wrong for a teacher to bully a student.	∀x∀y(Teacher(x) ∧ Student(y) ∧ Bullies(x, y) → evaluation(BAD))	1	∀x∀y(Teacher(x) ∧ Student(y) ∧ Bullies(x, y) → evaluation(BAD))	1	evaluation(BAD) | ~Teacher(v124) | ~Student(v125) | ~Bullies(v124, v125)	1	(¬Teacher(v124) ∨ ¬Student(v125) ∨ ¬Bullies(v124, v125) ∨ evaluation(BAD))	1
510	it's wrong to look for other options if your present choice is not satisfactory to you.	∀x∀y∀z(Choice(y) ∧ PresentChoiceOf(x,y) ∧ UnsatisfactoryTo(x,y) ∧ Option(z) ∧ DifferentFrom(y,z) ∧ LooksFor(x,z) → evaluation(BAD))	1	∀x∀y∀z(Choice(y) ∧ PresentChoiceOf(x,y) ∧ UnsatisfactoryTo(x,y) ∧ Option(z) ∧ DifferentFrom(y,z) ∧ LooksFor(x,z) → evaluation(BAD))	1	evaluation(BAD) | ~Choice(v127) | ~PresentChoiceOf(v126, v127) | ~UnsatisfactoryTo(v126, v127) | ~Option(v128) | ~DifferentFrom(v127, v128) | ~LooksFor(v126, v128)	1	(¬Choice(v127) ∨ ¬PresentChoiceOf(v126, v127) ∨ ¬UnsatisfactoryTo(v126, v127) ∨ ¬Option(v128) ∨ ¬DifferentFrom(v127, v128) ∨ ¬LooksFor(v126, v128) ∨ evaluation(BAD))	1
600	you should get yourself cleaned if you get sprayed by a skunk.	∀x∀y(GetSprayedBy(x,y) ∧ Skunk(y) → Cleans(x) → evaluation(GOOD))	1	∀x∀y((GetSprayedBy(x,y) ∧ Skunk(y)) → (Cleans(x) → evaluation(GOOD)))	1	evaluation(GOOD) | ~Cleans(v129) | ~GetSprayedBy(v129, v130) | ~Skunk(v130)	1	(¬Cleans(v129) ∨ ¬GetSprayedBy(v129, v130) ∨ ¬Skunk(v130) ∨ evaluation(GOOD))	1
601	it's good to give rides to your friend.	∀x∀y(Friends(x,y) ∧ GivesRide(x,y) → evaluation(GOOD))	1	∀x∀y(Friends(y,x) ∧ GivesRide(x,y) → evaluation(GOOD))	1	evaluation(GOOD) | ~Friends(v132, v131) | ~GivesRide(v131, v132)	1	(¬Friends(v132, v131) ∨ ¬GivesRide(v131, v132) ∨ evaluation(GOOD))	1
602	people shouldn't try to improve themselves.	∀x(People(x) ∧ TriesToImprove(x) → evaluation(BAD))	1	∀x(People(x) ∧ TriesToImprove(x) → evaluation(BAD))	1	evaluation(BAD) | ~People(v133) | ~TriesToImprove(v133)	1	(¬People(v133) ∨ ¬TriesToImprove(v133) ∨ evaluation(BAD))	1
603	if you have time off, it's bad to stay in and rest .	∀x∀y(TimeOff(x) ∧ StayInAndRest(y) ∧ Is(y,x) → evaluation(BAD))	1	∀x∀y(TimeOff(x) ∧ StayInAndRest(y) ∧ Is(y,x) → evaluation(BAD))	1	evaluation(BAD) | ~TimeOff(v134) | ~StayInAndRest(v135) | ~Is(v135, v134)	1	(¬TimeOff(v134) ∨ ¬StayInAndRest(v135) ∨ ¬Is(v135, v134) ∨ evaluation(BAD))	1
604	it's rude to borrow money from a friend and never pay them back.	∀x∀y∀z(Friend(y, x) ∧ Money(z) ∧ Borrows(x, z, y) ∧ ¬PaysBack(x, z, y) → evaluation(BAD))	1	∀x∀y∀z(Friend(y, x) ∧ Money(z) ∧ Borrows(x, z, y) ∧ ¬PaysBack(x, z, y) → evaluation(BAD))	1	evaluation(BAD) | ~Friend(v137, v136) | ~Money(v138) | ~Borrows(v136, v138, v137) | PaysBack(v136, v138, v137)	1	INVALID HORN	0
605	when a friend is being abused it is heartless to hold it against them.	∀x∀y(Friends(x,y) ∧ BeingAbused(y) ∧ HoldAgainst(x,y) → evaluation(BAD))	1	∀x∀y(Friends(x,y) ∧ BeingAbused(y) ∧ HoldAgainst(x,y) → evaluation(BAD))	1	evaluation(BAD) | ~Friends(v139, v140) | ~BeingAbused(v140) | ~HoldAgainst(v139, v140)	1	(¬Friends(v139, v140) ∨ ¬BeingAbused(v140) ∨ ¬HoldAgainst(v139, v140) ∨ evaluation(BAD))	1
606	breaking wind is polite.	∀x(BreaksWind(x) → evaluation(GOOD))	1	∀x(BreaksWind(x) → evaluation(GOOD))	1	evaluation(GOOD) | ~BreaksWind(v141)	1	(¬BreaksWind(v141) ∨ evaluation(GOOD))	1
607	it's inconsiderate to set up a surprise party for a friend.	∀x ∀y (Friend(x,y) ∧ SurprisePartyFor(y,x) → evaluation(BAD))	1	∀x ∀y (Friend(x,y) ∧ SetSurprisePartyFor(y,x) → evaluation(BAD))	1	evaluation(BAD) | ~Friend(v142, v143) | ~SetSurprisePartyFor(v143, v142)	1	(¬Friend(v142, v143) ∨ ¬SetSurprisePartyFor(v143, v142) ∨ evaluation(BAD))	1
608	it is wrong for two people to enjoy a meal together	∀x∀y∀z(People(x) ∧ People(y) ∧ Meal(z) ∧ EnjoyTogether(x,y,z) → evaluation(BAD))	1	∀x∀y∀z(People(x) ∧ People(y) ∧ Meal(z) ∧ EnjoyTogether(x,y,z) → evaluation(BAD))	1	evaluation(BAD) | ~People(v144) | ~People(v145) | ~Meal(v146) | ~EnjoyTogether(v144, v145, v146)	1	(¬People(v144) ∨ ¬People(v145) ∨ ¬Meal(v146) ∨ ¬EnjoyTogether(v144, v145, v146) ∨ evaluation(BAD))	1
609	it is wrong to have feelings from somebody from a long time ago.	∀x∀y∀z(LongTimeAgo(y) ∧ Person(z) ∧ From(z,y) ∧ HasFeelingsFor(x,z) → evaluation(BAD))	1	∀x∀y∀z(LongTimeAgo(y) ∧ Person(z) ∧ From(z,y) ∧ HasFeelingsFor(x,z) → evaluation(BAD))	1	evaluation(BAD) | ~LongTimeAgo(v148) | ~Person(v149) | ~From(v149, v148) | ~HasFeelingsFor(v147, v149)	1	(¬LongTimeAgo(v148) ∨ ¬Person(v149) ∨ ¬From(v149, v148) ∨ ¬HasFeelingsFor(v147, v149) ∨ evaluation(BAD))	1
610	it's bad to give a puppy to your kids.	∀x∀y∀z(Puppy(x) ∧ Kids(y) ∧ GivesTo(z,x,y) → evaluation(BAD))	1	∀x∀y∀z(Puppy(x) ∧ Kids(y,z) ∧ GiveTo(y,x) → evaluation(BAD))	1	evaluation(BAD) | ~Puppy(v150) | ~Kids(v151, v152) | ~GiveTo(v151, v150)	1	(¬Puppy(v150) ∨ ¬Kids(v151, v152) ∨ ¬GiveTo(v151, v150) ∨ evaluation(BAD))	1
700	it is good to give up bad habits and addictions	∀x∀y((Habit(x) ∧ BAD(x) ∧ GivesUp(y, x)) ∨ (Addiction(x) ∧ BAD(x) ∧ GivesUp(y, x)) → evaluation(GOOD))	1	∀x∀y((Habit(x) ∧ BAD(x) ∧ GivesUp(y, x)) ∨ (Addiction(x) ∧ BAD(x) ∧ GivesUp(y, x)) → evaluation(GOOD))	1	~Habit(v153) | ~BAD(v153) | ~GivesUp(v154, v153) | evaluation(GOOD) & ~Addiction(v153) | ~BAD(v153) | ~GivesUp(v154, v153) | evaluation(GOOD)	1	(¬Habit(v153) ∨ ¬BAD(v153) ∨ ¬GivesUp(v154, v153) ∨ evaluation(GOOD)) ∧ (¬Addiction(v153) ∨ ¬BAD(v153) ∨ ¬GivesUp(v154, v153) ∨ evaluation(GOOD))	1
701	it's rude to not comply with someone's request if they were nice about it.	∀x∀y(Request(y) ∧ NiceAbout(x,y) ∧ ¬CompliesWith(x,y) → evaluation(BAD))	1	∀x∀y∀z(Request(y) ∧ From(y, z) ∧ NiceAbout(z,y) ∧ ¬CompliesWith(x,y) → evaluation(BAD))	1	evaluation(BAD) | ~Request(v156) | ~From(v156, v157) | ~NiceAbout(v157, v156) | CompliesWith(v155, v156)	1	INVALID HORN	0
702	you have the right to like any girl you find attractive.	∀x∀y∀z(HasRight(x) ∧ Girl(y) ∧ Attractive(y) ∧ Finds(x,y) ∧ Likes(x,z) → evaluation(GOOD))	1	∀x∀y(HasRight(x) ∧ Girl(y) ∧ Attractive(y) ∧ Finds(x,y) ∧ Likes(x,y) → evaluation(GOOD))	1	evaluation(GOOD) | ~HasRight(v158) | ~Girl(v159) | ~Attractive(v159) | ~Finds(v158, v159) | ~Likes(v158, v159)	1	(¬HasRight(v158) ∨ ¬Girl(v159) ∨ ¬Attractive(v159) ∨ ¬Finds(v158, v159) ∨ ¬Likes(v158, v159) ∨ evaluation(GOOD))	1
703	you shouldn't be friends with hypocrites.	∀x∃y(Hypocrite(y) ∧ Friends(x, y) → evaluation(BAD))	1	∀x∀y(Hypocrite(y) ∧ Friends(x, y) → evaluation(BAD))	1	evaluation(BAD) | ~Hypocrite(v161) | ~Friends(v160, v161)	1	(¬Hypocrite(v161) ∨ ¬Friends(v160, v161) ∨ evaluation(BAD))	1
704	it's bad to maintain a close relationship with your parents.	∀x∀y∀z(ParentsOf(y,x) ∧ CloseRelationship(z,y) ∧ Maintains(x,z) → evaluation(BAD))	1	∀x∀y(ParentsOf(y,x) ∧ CloseRelationship(x,y) → evaluation(BAD))	1	evaluation(BAD) | ~ParentsOf(v163, v162) | ~CloseRelationship(v162, v163)	1	(¬ParentsOf(v163, v162) ∨ ¬CloseRelationship(v162, v163) ∨ evaluation(BAD))	1
705	it is fine to damage other peoples property.	∀x∀y∃z(Property(x) ∧ BelongsTo(x,z) ∧ People(z) ∧ Damages(y,x) → evaluation(GOOD))	1	∀x∀y∃z(Property(x) ∧ BelongsTo(x,z) ∧ People(z) ∧ Damages(y,x) → evaluation(GOOD))	1	evaluation(GOOD) | ~Property(v164) | ~BelongsTo(v164, f10(v164,v165)) | ~People(f10(v164,v165)) | ~Damages(v165, v164)	1	(¬Property(v164) ∨ ¬BelongsTo(v164, f10(v164,v165)) ∨ ¬People(f10(v164,v165)) ∨ ¬Damages(v165, v164) ∨ evaluation(GOOD))	1
707	it's wrong to be skeptical when you think someone's lying to you.	INVALID FOL: ∀x∀y(Thinks(x,Lying(y,x)) ∧ Skeptical(x) → evaluation(BAD))	0	INVALID FOL: ∀x∀y(Thinks(x,Lying(y,x)) ∧ Skeptical(x) → evaluation(BAD))	0	INVALID	-2	INVALID	-2
708	it's wrong to not let a significant other do things they think are fun.	∀x∀y∀z(SignificantOtherOf(y,x) ∧ Things(z) ∧ ThinkIsFun(y,z) ∧ ¬LetDo(x, y, z) → evaluation(BAD))	1	∀x∀y∀z(SignificantOtherOf(y,x) ∧ Things(z) ∧ ThinkIsFun(y,z) ∧ ¬LetDo(x, y, z) → evaluation(BAD))	1	evaluation(BAD) | ~SignificantOtherOf(v167, v166) | ~Things(v168) | ~ThinkIsFun(v167, v168) | LetDo(v166, v167, v168)	1	INVALID HORN	0
709	it's wrong to lie to or deceive someone.	∀x∀y∀z((LieTo(x, z) ∨ Deceive(x, z)) ∧ Person(y) → evaluation(BAD))	1	∀x∀y∀z((LieTo(x, z) ∨ Deceive(x, z)) ∧ Person(z) → evaluation(BAD))	1	~LieTo(v169, v171) | evaluation(BAD) | ~Person(v171) & ~Deceive(v169, v171) | evaluation(BAD) | ~Person(v171)	1	(¬LieTo(v169, v171) ∨ ¬Person(v171) ∨ evaluation(BAD)) ∧ (¬Deceive(v169, v171) ∨ ¬Person(v171) ∨ evaluation(BAD))	1
710	you shouldn't trust anyone who isn't trustworthy.	∀x∀y(Person(x) ∧ Person(y) ∧ ¬Trustworthy(y) ∧ Trusts(x,y) → evaluation(BAD))	1	∀x∀y(Person(x) ∧ ¬Trustworthy(y) ∧ Trusts(x,y) → evaluation(BAD))	1	evaluation(BAD) | ~Person(v172) | Trustworthy(v173) | ~Trusts(v172, v173)	1	INVALID HORN	0
800	it's bad to be nervous about planning your own future.	∀x∀y(OwnsFuture(x,y) ∧ PlansAbout(x,y) ∧ NervousAbout(x,y) → evaluation(BAD))	1	∀x(OwnsFuture(x,x) ∧ Plans(x) ∧ Nervous(x) → evaluation(BAD))	1	evaluation(BAD) | ~OwnsFuture(v174, v174) | ~Plans(v174) | ~Nervous(v174)	1	(¬OwnsFuture(v174, v174) ∨ ¬Plans(v174) ∨ ¬Nervous(v174) ∨ evaluation(BAD))	1
801	it's bad to relax after a hard work day.	∀x∀y(WorkDay(y) ∧ Hard(y) ∧ After(x, y) ∧ Relax(x) → evaluation(BAD))	1	∀x∀y(WorkDay(y) ∧ Hard(y) ∧ After(x, y) ∧ Relax(x) → evaluation(BAD))	1	evaluation(BAD) | ~WorkDay(v176) | ~Hard(v176) | ~After(v175, v176) | ~Relax(v175)	1	(¬WorkDay(v176) ∨ ¬Hard(v176) ∨ ¬After(v175, v176) ∨ ¬Relax(v175) ∨ evaluation(BAD))	1
802	it's saddening to see people resorting to weight loss surgery instead of making healthy decisions.	∀x∀y(People(x) ∧ Surgery(y) ∧ ForWeightLoss(y) ∧ ResortedTo(x,y) → evaluation(BAD))	1	∀x∀y(People(x) ∧ Surgery(y) ∧ ForWeightLoss(y) ∧ ResortedTo(x,y) → evaluation(BAD))	1	evaluation(BAD) | ~People(v177) | ~Surgery(v178) | ~ForWeightLoss(v178) | ~ResortedTo(v177, v178)	1	(¬People(v177) ∨ ¬Surgery(v178) ∨ ¬ForWeightLoss(v178) ∨ ¬ResortedTo(v177, v178) ∨ evaluation(BAD))	1
803	you should not be there to comfort your pet when they're scared.	∀x∀y(Pet(y) ∧ BelongsTo(y,x) ∧ Scared(y) ∧ ThereToComfort(x,y) → evaluation(BAD))	1	∀x∀y(Pet(y) ∧ BelongsTo(y,x) ∧ Scared(y) ∧ ¬ThereToComfort(x,y) → evaluation(GOOD))	1	evaluation(GOOD) | ~Pet(v180) | ~BelongsTo(v180, v179) | ~Scared(v180) | ThereToComfort(v179, v180)	1	INVALID HORN	0
804	it's wrong to make your children accountable for their own bills.	∀x∀y∀z(ChildOf(x, y) ∧ BillOf(z, x) ∧ MakesAccountable(y, x, z) → evaluation(BAD))	1	∀x∀y∀z(ChildOf(x, y) ∧ Bill(z) ∧ BelongsTo(z,x) ∧ MakesAccountable(y, x, z) → evaluation(BAD))	1	evaluation(BAD) | ~ChildOf(v181, v182) | ~Bill(v183) | ~BelongsTo(v183, v181) | ~MakesAccountable(v182, v181, v183)	1	(¬ChildOf(v181, v182) ∨ ¬Bill(v183) ∨ ¬BelongsTo(v183, v181) ∨ ¬MakesAccountable(v182, v181, v183) ∨ evaluation(BAD))	1
805	both partners should be involved in the process of a large purchase.	∀x∀y∀z((Partner(x,y) ∧ LargePurchase(z) ∧ InvolvedInProcessOf(x,z)) ∧ (Partner(y,x) ∧ LargePurchase(z) ∧ InvolvedInProcessOf(y,z)) → evaluation(GOOD))	1	∀x∀y∀z((Partner(x,y) ∧ LargePurchase(z) ∧ InvolvedInProcessOf(x,z)) ∧ (Partner(y,x) ∧ LargePurchase(z) ∧ InvolvedInProcessOf(y,z)) → evaluation(GOOD))	1	evaluation(GOOD) | ~Partner(v184, v185) | ~LargePurchase(v186) | ~InvolvedInProcessOf(v184, v186) | ~Partner(v185, v184) | ~LargePurchase(v186) | ~InvolvedInProcessOf(v185, v186)	1	(¬Partner(v184, v185) ∨ ¬LargePurchase(v186) ∨ ¬InvolvedInProcessOf(v184, v186) ∨ ¬Partner(v185, v184) ∨ ¬LargePurchase(v186) ∨ ¬InvolvedInProcessOf(v185, v186) ∨ evaluation(GOOD))	1
806	it's okay to want your kids to understand the importance of their family heirlooms.	INVALID FOL: ∀x∀y∀z(Heirloom(z) ∧ BelongsTo(z,x) ∧ FamilyOf(y,x) ∧ Wants(y,Understands(y,z)) → evaluation(GOOD))	0	INVALID FOL: ∀x∀y∀z(Heirloom(z) ∧ BelongsTo(z,x) ∧ FamilyOf(y,x) ∧ Wants(y,UnderstandImportance(y,z)) → evaluation(GOOD))	0	INVALID	-2	INVALID	-2
807	it's bad to find another way when something prevents you from doing what you intend.	∀x∀y∀z(IntendToDo(y,x) ∧ Prevents(z,y,x) ∧ FindsAnotherWay(y) → evaluation(BAD))	1	∀x∀y∀z(IntendToDo(y,x) ∧ Prevents(z,y,x) ∧ FindsAnotherWay(y) → evaluation(BAD))	1	evaluation(BAD) | ~IntendToDo(v188, v187) | ~Prevents(v189, v188, v187) | ~FindsAnotherWay(v188)	1	(¬IntendToDo(v188, v187) ∨ ¬Prevents(v189, v188, v187) ∨ ¬FindsAnotherWay(v188) ∨ evaluation(BAD))	1
808	it's rude to ignore other people by being on your phone around them	∀x∀y∃z(Phone(x) ∧ BelongsTo(x,y) ∧ People(z) ∧ OnPhoneAround(y,x,z) → evaluation(BAD))	1	∀x∀y∀z(Phone(x) ∧ BelongsTo(x,y) ∧ People(z) ∧ OnPhoneAround(y,x,z) → evaluation(BAD))	1	evaluation(BAD) | ~Phone(v190) | ~BelongsTo(v190, v191) | ~People(v192) | ~OnPhoneAround(v191, v190, v192)	1	(¬Phone(v190) ∨ ¬BelongsTo(v190, v191) ∨ ¬People(v192) ∨ ¬OnPhoneAround(v191, v190, v192) ∨ evaluation(BAD))	1
809	if you don't like a particular subreddit, you should visit it .	∀x∀y(Subreddit(x) ∧ Dislikes(y, x) → ¬Visits(y,x) → evaluation(BAD))	1	∀x∀y(Subreddit(x) ∧ Dislikes(y, x) → Visits(y,x) → evaluation(GOOD))	1	evaluation(GOOD) | ~Visits(v194, v193) | ~Subreddit(v193) | ~Dislikes(v194, v193)	1	(¬Visits(v194, v193) ∨ ¬Subreddit(v193) ∨ ¬Dislikes(v194, v193) ∨ evaluation(GOOD))	1
810	it's unreasonable to be excited that a difficult situation has come to an end.	∀x∀y(Difficult(y) ∧ Situation(y) ∧ HasComeToEnd(y) ∧ ExcitedAbout(x,y) → evaluation(BAD))	1	∀x∀y(Difficult(y) ∧ Situation(y) ∧ HasComeToEnd(y) ∧ ExcitedAbout(x,y) → evaluation(BAD))	1	evaluation(BAD) | ~Difficult(v196) | ~Situation(v196) | ~HasComeToEnd(v196) | ~ExcitedAbout(v195, v196)	1	(¬Difficult(v196) ∨ ¬Situation(v196) ∨ ¬HasComeToEnd(v196) ∨ ¬ExcitedAbout(v195, v196) ∨ evaluation(BAD))	1
900	it's right to make family members feel bad about themselves.	∀x∀y(FamilyOf(y,x) ∧ MakesFeelBad(x,y) → evaluation(GOOD))	1	∀x∀y(FamilyOf(y,x) ∧ MakesFeelBad(x,y) → evaluation(BAD))	1	evaluation(BAD) | ~FamilyOf(v198, v197) | ~MakesFeelBad(v197, v198)	1	(¬FamilyOf(v198, v197) ∨ ¬MakesFeelBad(v197, v198) ∨ evaluation(BAD))	1
901	it is expected that you take care of children’s needs.	∀x∀y(Children(x) ∧ Needs(y,x) ∧ TakesCareOf(y) → evaluation(GOOD))	1	∀x∀y(Children(x) ∧ Needs(y,x) ∧ TakesCareOf(y,x) → evaluation(GOOD))	1	evaluation(GOOD) | ~Children(v199) | ~Needs(v200, v199) | ~TakesCareOf(v200, v199)	1	(¬Children(v199) ∨ ¬Needs(v200, v199) ∨ ¬TakesCareOf(v200, v199) ∨ evaluation(GOOD))	1
902	it's polite to have a romantic relationship with a former partner of a friend.	∀x∀y∀z(Friend(x, y) ∧ FormerPartner(z, y) ∧ RomanticRelationship(x, z) → evaluation(GOOD))	1	∀x∀y∀z(Friend(x, y) ∧ FormerPartner(z, y) ∧ RomanticRelationship(x, z) → evaluation(GOOD))	1	evaluation(GOOD) | ~Friend(v201, v202) | ~FormerPartner(v203, v202) | ~RomanticRelationship(v201, v203)	1	(¬Friend(v201, v202) ∨ ¬FormerPartner(v203, v202) ∨ ¬RomanticRelationship(v201, v203) ∨ evaluation(GOOD))	1
903	it's bad to have a park babysit your children for you.	∀x∀y∀z(Park(x) ∧ Children(y) ∧ ResponsibilityOf(z, y) ∧ Babysit(x,y) → evaluation(BAD))	1	∀x∀y∀z(Park(x) ∧ Children(y) ∧ For(z,y) ∧ Babysit(x,y) → evaluation(BAD))	1	evaluation(BAD) | ~Park(v0) | ~Children(v1) | ~For(v2, v1) | ~Babysit(v0, v1)	1	(¬Park(v0) ∨ ¬Children(v1) ∨ ¬For(v2, v1) ∨ ¬Babysit(v0, v1) ∨ evaluation(BAD))	1
904	it's bad to steal your employee's wages.	∀x∀y(EmployeeOf(x,y) ∧ Wages(z,y) ∧ Steal(x,z) → evaluation(BAD))	1	∀x∀y∀z(EmployeeOf(y,x) ∧ Wages(z,y) ∧ Steal(x,z) → evaluation(BAD))	1	evaluation(BAD) | ~EmployeeOf(v4, v3) | ~Wages(v5, v4) | ~Steal(v3, v5)	1	(¬EmployeeOf(v4, v3) ∨ ¬Wages(v5, v4) ∨ ¬Steal(v3, v5) ∨ evaluation(BAD))	1
905	it's ok to stand up for things that are important to you.	∀x∀y(Thing(y) ∧ ImportantTo(y,x) ∧ StandsUpFor(x,y) → evaluation(GOOD))	1	∀x∀y(Thing(y) ∧ ImportantTo(y,x) ∧ StandsUpFor(x,y) → evaluation(GOOD))	1	evaluation(GOOD) | ~Thing(v7) | ~ImportantTo(v7, v6) | ~StandsUpFor(v6, v7)	1	(¬Thing(v7) ∨ ¬ImportantTo(v7, v6) ∨ ¬StandsUpFor(v6, v7) ∨ evaluation(GOOD))	1
906	when you want to be president, it's best to work hard in school.	∀x(WantsToBe(x, PRESIDENT) ∧ WorksHardIn(x, SCHOOL) → evaluation(GOOD))	1	∀x(WantsToBe(x, PRESIDENT) → WorksHardIn(x, SCHOOL) → evaluation(GOOD))	1	evaluation(GOOD) | ~WorksHardIn(v8, SCHOOL) | ~WantsToBe(v8, PRESIDENT)	1	(¬WorksHardIn(v8, SCHOOL) ∨ ¬WantsToBe(v8, PRESIDENT) ∨ evaluation(GOOD))	1
907	you should not act on feelings for your sister.	∀x∀y∀z(SisterOf(y,x) ∧ FeelingsFor(z,x) ∧ ActingOn(x,z) → evaluation(BAD))	1	∀x∀y∀z(SisterOf(y,x) ∧ FeelingsFor(z,x) ∧ ActingOn(z,x) → evaluation(BAD))	1	evaluation(BAD) | ~SisterOf(v10, v9) | ~FeelingsFor(v11, v9) | ~ActingOn(v11, v9)	1	(¬SisterOf(v10, v9) ∨ ¬FeelingsFor(v11, v9) ∨ ¬ActingOn(v11, v9) ∨ evaluation(BAD))	1
908	it is unimportant to discuss moving out with roommates.	∀x∀y(RoommateOf(x,y) ∧ DiscussesMovingOut(x,y) → evaluation(BAD))	1	∀x∀y(RoommateOf(x,y) ∧ DiscussesMovingOut(x,y) → evaluation(GOOD))	1	evaluation(GOOD) | ~RoommateOf(v12, v13) | ~DiscussesMovingOut(v12, v13)	1	(¬RoommateOf(v12, v13) ∨ ¬DiscussesMovingOut(v12, v13) ∨ evaluation(GOOD))	1
909	you should always make time for leisure.	∀x∀y(People(x) ∧ Leisure(y) ∧ MakesTimeFor(x, y) → evaluation(GOOD))	1	∀x∀y(People(x) ∧ Leisure(y) ∧ MakesTimeFor(x, y) → evaluation(GOOD))	1	evaluation(GOOD) | ~People(v14) | ~Leisure(v15) | ~MakesTimeFor(v14, v15)	1	(¬People(v14) ∨ ¬Leisure(v15) ∨ ¬MakesTimeFor(v14, v15) ∨ evaluation(GOOD))	1
910	it's good to bring your gps with you if you don't know the way.	∀x∀y(GPS(x) ∧ BelongsTo(x,y) ∧ ¬KnowsWay(y) → Carries(y,x) → evaluation(GOOD))	1	∀x∀y(GPS(x) ∧ BelongsTo(x,y) ∧ ¬KnowsWay(y) ∧ Carries(y,x) → evaluation(GOOD))	1	evaluation(GOOD) | ~GPS(v16) | ~BelongsTo(v16, v17) | KnowsWay(v17) | ~Carries(v17, v16)	1	INVALID HORN	0
1000	it's bad to take an action that will knowingly harm others.	∀x∀y∃z(Agent(x) ∧ Action(y) ∧ Takes(x, y) ∧ People(z) ∧ KnowinglyHarms(x, z, y) → evaluation(BAD))	1	∀x∀y∃z(Agent(x) ∧ Action(y) ∧ Takes(x, y) ∧ People(z) ∧ KnowinglyHarms(x, z, y) → evaluation(BAD))	1	evaluation(BAD) | ~Agent(v18) | ~Action(v19) | ~Takes(v18, v19) | ~People(f0(v18,v19)) | ~KnowinglyHarms(v18, f0(v18,v19), v19)	1	(¬Agent(v18) ∨ ¬Action(v19) ∨ ¬Takes(v18, v19) ∨ ¬People(f0(v18,v19)) ∨ ¬KnowinglyHarms(v18, f0(v18,v19), v19) ∨ evaluation(BAD))	1
1001	it is wrong to force others to talk about things they are uncomfortable with.	∀x∀y∃z(Thing(x) ∧ People(z) ∧ UncomfortableWith(z, x) ∧ Forces(y,z,x) → evaluation(BAD))	1	∀x∀y∃z(Thing(x) ∧ People(z) ∧ UncomfortableWith(z, x) ∧ Forces(y,z,x) → evaluation(BAD))	1	evaluation(BAD) | ~Thing(v20) | ~People(f1(v20,v21)) | ~UncomfortableWith(f1(v20,v21), v20) | ~Forces(v21, f1(v20,v21), v20)	1	(¬Thing(v20) ∨ ¬People(f1(v20,v21)) ∨ ¬UncomfortableWith(f1(v20,v21), v20) ∨ ¬Forces(v21, f1(v20,v21), v20) ∨ evaluation(BAD))	1
1002	it is unreasonable that people join festivals for things they are interested in.	∀x∀y∀z(People(x) ∧ Festival(y) ∧ Things(z) ∧ InterestedIn(x,z) ∧ Join(x,y) → evaluation(BAD))	1	∀x∀y∀z(People(x) ∧ Festival(y) ∧ Things(z) ∧ InterestedIn(x,z) ∧ Join(x,y) → evaluation(BAD))	1	evaluation(BAD) | ~People(v22) | ~Festival(v23) | ~Things(v24) | ~InterestedIn(v22, v24) | ~Join(v22, v23)	1	(¬People(v22) ∨ ¬Festival(v23) ∨ ¬Things(v24) ∨ ¬InterestedIn(v22, v24) ∨ ¬Join(v22, v23) ∨ evaluation(BAD))	1
1003	you should try to keep your kitchen clean.	∀x∀y(RoomType(y,KITCHEN) ∧ BelongsTo(y,x) ∧ TriesToKeepClean(x,y) → evaluation(GOOD))	1	∀x∀y(RoomType(y,KITCHEN) ∧ BelongsTo(y,x) ∧ TriesToKeepClean(x,y) → evaluation(GOOD))	1	evaluation(GOOD) | ~RoomType(v26, KITCHEN) | ~BelongsTo(v26, v25) | ~TriesToKeepClean(v25, v26)	1	(¬RoomType(v26, KITCHEN) ∨ ¬BelongsTo(v26, v25) ∨ ¬TriesToKeepClean(v25, v26) ∨ evaluation(GOOD))	1
1004	it is not okay to be upset when you cannot afford luxuries.	∀x∀y(Luxury(y) ∧ CannotAfford(x,y) ∧ Upset(x) → evaluation(BAD))	1	∀x∀y(Luxury(y) ∧ CannotAfford(x,y) ∧ Upset(x) → evaluation(BAD))	1	evaluation(BAD) | ~Luxury(v28) | ~CannotAfford(v27, v28) | ~Upset(v27)	1	(¬Luxury(v28) ∨ ¬CannotAfford(v27, v28) ∨ ¬Upset(v27) ∨ evaluation(BAD))	1
1005	if you're getting swept out to sea, you shouldn't yell for help .	∀x∀y(GettingSweptOutToSea(x,y) ∧ YellForHelp(x) → evaluation(BAD))	1	∀x∀y(GettingSweptOutToSea(x,y) ∧ YellForHelp(x) → evaluation(BAD))	1	evaluation(BAD) | ~GettingSweptOutToSea(v29, v30) | ~YellForHelp(v29)	1	(¬GettingSweptOutToSea(v29, v30) ∨ ¬YellForHelp(v29) ∨ evaluation(BAD))	1
1006	it's not okay if you give in to the victimization cycle.	∀x(GivesInTo(x, VICTIMIZATION_CYCLE) → evaluation(BAD))	1	∀x(GivesInTo(x, VICTIMIZATION_CYCLE) → evaluation(BAD))	1	evaluation(BAD) | ~GivesInTo(v31, VICTIMIZATION_CYCLE)	1	(¬GivesInTo(v31, VICTIMIZATION_CYCLE) ∨ evaluation(BAD))	1
1007	it's bad to call your boss to let them know if you'll be late.	∀x∀y∀z((BossOf(y,x) ∧ CallsToInformOfLatness(x,y,z)) → evaluation(BAD))	1	∀x∀y∀z((BossOf(y,x) ∧ CallsToInformOfLatness(x,y,z)) → evaluation(BAD))	1	evaluation(BAD) | ~BossOf(v33, v32) | ~CallsToInformOfLatness(v32, v33, v34)	1	(¬BossOf(v33, v32) ∨ ¬CallsToInformOfLatness(v32, v33, v34) ∨ evaluation(BAD))	1
1008	it is not expected people will have another income if they quit their job.	∀x∀y((People(x) ∧ Job(y) ∧ Quit(x,y)) → ¬∃z(Income(z) ∧ Have(x,z)) → evaluation(BAD))	1	∀x∀y(People(x) ∧ Job(y) ∧ Quit(x,y) → ¬∃z(Income(z) ∧ Have(x,z)) → evaluation(GOOD))	1	Income(f2(v35,v36)) | evaluation(GOOD) | ~People(v35) | ~Job(v36) | ~Quit(v35, v36) & Have(v35, f2(v35,v36)) | evaluation(GOOD) | ~People(v35) | ~Job(v36) | ~Quit(v35, v36)	1	INVALID HORN	0
1009	you're discouraged from treating everyone with respect, even fat people.	∀x∀y(Everyone(x) ∧ FatPeople(y) ∧ TreatsWithRespect(x) ∧ TreatsWithRespect(y) → evaluation(BAD))	1	∀x∀y((People(x) ∨ FatPeople(y)) ∧ TreatsWithRespect(x) → evaluation(BAD))	1	~People(v37) | evaluation(BAD) | ~TreatsWithRespect(v37) & ~FatPeople(v38) | evaluation(BAD) | ~TreatsWithRespect(v37)	1	(¬People(v37) ∨ ¬TreatsWithRespect(v37) ∨ evaluation(BAD)) ∧ (¬FatPeople(v38) ∨ ¬TreatsWithRespect(v37) ∨ evaluation(BAD))	1
1010	it's unreasonable if you write a good recommendation letter for prepared students.	∀x∀y(Student(y) ∧ Prepared(y) ∧ WritesRecommendationLetter(x,y) ∧ Good(x) → evaluation(BAD))	1	∀x∀y(Student(y) ∧ Prepared(y) ∧ WritesRecommendationLetter(x,y) ∧ Good(x) → evaluation(GOOD))	1	evaluation(GOOD) | ~Student(v40) | ~Prepared(v40) | ~WritesRecommendationLetter(v39, v40) | ~Good(v39)	1	(¬Student(v40) ∨ ¬Prepared(v40) ∨ ¬WritesRecommendationLetter(v39, v40) ∨ ¬Good(v39) ∨ evaluation(GOOD))	1
1100	it's not ok to not let someone know you disliked their gift.	∀x ∀y ∃z(People(x) ∧ Gift(y) ∧ BelongsTo(y,z) ∧ Dislikes(x,y) ∧ ¬Informs(x,z) → evaluation(BAD))	1	∀x∀y∀z(People(x) ∧ Gift(y) ∧ BelongsTo(y,z) ∧ Dislikes(x,y) ∧ ¬Informs(x,z) → evaluation(BAD))	1	evaluation(BAD) | ~People(v41) | ~Gift(v42) | ~BelongsTo(v42, v43) | ~Dislikes(v41, v42) | Informs(v41, v43)	1	INVALID HORN	0
1101	it's bad to forgo treatment for petty concerns.	∀x∀y(Treatment(x) ∧ PettyConcern(y) ∧ ForgoFor(x, y) → evaluation(BAD))	1	∀x∀y(Treatment(x) ∧ PettyConcern(y) ∧ ForgoFor(x, y) → evaluation(BAD))	1	evaluation(BAD) | ~Treatment(v44) | ~PettyConcern(v45) | ~ForgoFor(v44, v45)	1	(¬Treatment(v44) ∨ ¬PettyConcern(v45) ∨ ¬ForgoFor(v44, v45) ∨ evaluation(BAD))	1
1102	it's not okay to make rude gestures in public.	∀x∀y(RudeGesture(x) ∧ MakesIn(y,x) ∧ Public(y) → evaluation(BAD))	1	∀x∀y∀z(RudeGesture(x) ∧ Makes(y,x) ∧ Public(z) ∧ In(y,z) → evaluation(BAD))	1	evaluation(BAD) | ~RudeGesture(v46) | ~Makes(v47, v46) | ~Public(v48) | ~In(v47, v48)	1	(¬RudeGesture(v46) ∨ ¬Makes(v47, v46) ∨ ¬Public(v48) ∨ ¬In(v47, v48) ∨ evaluation(BAD))	1
1103	it is reasonable to alienate your in laws from your kids lives if they are toxic people.	∀x∀y∀z(InLawsOf(x,y) ∧ KidsOf(z,y) ∧ Toxic(x) ∧ AlienatesFrom(y,x,z) → evaluation(GOOD))	1	∀x∀y∀z(InLawsOf(x,y) ∧ KidsOf(z,y) ∧ Toxic(x) ∧ AlienatesFrom(y,x,z) → evaluation(GOOD))	1	evaluation(GOOD) | ~InLawsOf(v49, v50) | ~KidsOf(v51, v50) | ~Toxic(v49) | ~AlienatesFrom(v50, v49, v51)	1	(¬InLawsOf(v49, v50) ∨ ¬KidsOf(v51, v50) ∨ ¬Toxic(v49) ∨ ¬AlienatesFrom(v50, v49, v51) ∨ evaluation(GOOD))	1
1104	it's understandable that sometimes people bend the truth with their friends.	∃x∃y∃z(People(x) ∧ Truth(y) ∧ Friends(z,x) ∧ Bends(x,y,z) → evaluation(GOOD))	1	∃x∃y∃z(People(x) ∧ Truth(y) ∧ Friends(z,x) ∧ Bend(x,y) → evaluation(GOOD))	1	evaluation(GOOD) | ~People(C0) | ~Truth(C1) | ~Friends(C2, C0) | ~Bend(C0, C1)	1	(¬People(C0) ∨ ¬Truth(C1) ∨ ¬Friends(C2, C0) ∨ ¬Bend(C0, C1) ∨ evaluation(GOOD))	1
1105	it's rude to mute your significant other on messaging apps no matter what they did.	∀x∀y∀z(BelongsTo(y,x) ∧ MessengerApp(z) ∧ SignificantOther(y,x) ∧ Did(x,y) ∧ MutesOn(x,z) → evaluation(BAD))	1	∀x∀y∀z(SignificantOther(y,x) ∧ MessengerApp(z) ∧ MutesOn(x,z) → evaluation(BAD))	1	evaluation(BAD) | ~SignificantOther(v53, v52) | ~MessengerApp(v54) | ~MutesOn(v52, v54)	1	(¬SignificantOther(v53, v52) ∨ ¬MessengerApp(v54) ∨ ¬MutesOn(v52, v54) ∨ evaluation(BAD))	1
1106	you shouldn't always research things before you do something new.	INVALID FOL: ∀x∀y(SomethingNew(y) ∧ Do(x, y) ∧ Always(x, ResearchBeforeDoing(x,y)) → evaluation(BAD))	0	∀x∀y(SomethingNew(y) ∧ Do(x, y) ∧ ResearchBeforeDoing(x,y) → evaluation(BAD))	1	evaluation(BAD) | ~SomethingNew(v56) | ~Do(v55, v56) | ~ResearchBeforeDoing(v55, v56)	1	(¬SomethingNew(v56) ∨ ¬Do(v55, v56) ∨ ¬ResearchBeforeDoing(v55, v56) ∨ evaluation(BAD))	1
1107	it's juvenile to use april 20th to signify marijuana use.	∀x(Uses(x, APRIL_20TH, MARIJUANA_USE) → evaluation(BAD))	1	∀x(Uses(x, APRIL_20TH, MARIJUANA_USE) → evaluation(JUVENILE))	1	evaluation(JUVENILE) | ~Uses(v57, APRIL_20TH, MARIJUANA_USE)	1	(¬Uses(v57, APRIL_20TH, MARIJUANA_USE) ∨ evaluation(JUVENILE))	1
1108	it's understandable to think people should obey the law.	∀x∀y(People(x) ∧ Law(y) ∧ ThinksShouldObey(x,y) → evaluation(GOOD))	1	∀x∀y(People(x) ∧ Law(y) ∧ ThinksShouldObey(x,y) → evaluation(GOOD))	1	evaluation(GOOD) | ~People(v58) | ~Law(v59) | ~ThinksShouldObey(v58, v59)	1	(¬People(v58) ∨ ¬Law(v59) ∨ ¬ThinksShouldObey(v58, v59) ∨ evaluation(GOOD))	1
1109	it's bad to let your family stay over sometimes.	∃x∃y(FamilyOf(x,y) ∧ StayOver(y,x) → evaluation(BAD))	1	∀x∀y(FamilyOf(y,x) ∧ StayOver(y,x) → evaluation(BAD))	1	evaluation(BAD) | ~FamilyOf(v61, v60) | ~StayOver(v61, v60)	1	(¬FamilyOf(v61, v60) ∨ ¬StayOver(v61, v60) ∨ evaluation(BAD))	1
1110	it's perfectly normal to have people around you that you can trust.	∀x∀y(People(y) ∧ Around(x, y) ∧ Trusts(x, y) → evaluation(GOOD))	1	∀x∀y(People(y) ∧ Around(x, y) ∧ Trust(x, y) → evaluation(GOOD))	1	evaluation(GOOD) | ~People(v63) | ~Around(v62, v63) | ~Trust(v62, v63)	1	(¬People(v63) ∨ ¬Around(v62, v63) ∨ ¬Trust(v62, v63) ∨ evaluation(GOOD))	1
1200	it's okay to be curious about how other people accomplish basic tasks.	∀x∀y∃z(BasicTask(y) ∧ People(z) ∧ Accomplishes(z,y) ∧ CuriousAbout(x,z) → evaluation(GOOD))	1	∀x∀y∀z(BasicTask(y) ∧ People(z) ∧ Accomplishes(z,y) ∧ CuriousAbout(x,z) → evaluation(GOOD))	1	evaluation(GOOD) | ~BasicTask(v65) | ~People(v66) | ~Accomplishes(v66, v65) | ~CuriousAbout(v64, v66)	1	(¬BasicTask(v65) ∨ ¬People(v66) ∨ ¬Accomplishes(v66, v65) ∨ ¬CuriousAbout(v64, v66) ∨ evaluation(GOOD))	1
1201	it's wrong to stop sleeping with your friend with benefits when they fall in love with you.	∀x∀y∀z(FriendsWithBenefits(x, y) ∧ SleepsWith(x, y) ∧ FallsInLoveWith(z, x) ∧ StopsSleepingWith(y, x) → evaluation(BAD))	1	∀x∀y∀z(FriendsWithBenefits(x, y) ∧ SleepsWith(x, y) ∧ FallsInLoveWith(z, x) ∧ StopsSleepingWith(y, x) → evaluation(BAD))	1	evaluation(BAD) | ~FriendsWithBenefits(v67, v68) | ~SleepsWith(v67, v68) | ~FallsInLoveWith(v69, v67) | ~StopsSleepingWith(v68, v67)	1	(¬FriendsWithBenefits(v67, v68) ∨ ¬SleepsWith(v67, v68) ∨ ¬FallsInLoveWith(v69, v67) ∨ ¬StopsSleepingWith(v68, v67) ∨ evaluation(BAD))	1
1202	it's dangerous to run without proper shoes on.	∀x∀y(Runs(x) ∧ ¬ProperShoesOn(y,x) → evaluation(BAD))	1	∀x∀y(Runs(x) ∧ ¬ProperShoesOn(x,y) → evaluation(BAD))	1	evaluation(BAD) | ~Runs(v70) | ProperShoesOn(v70, v71)	1	INVALID HORN	0
1203	it is right to date your cousins childhood best friend if they are in another relationship.	INVALID FOL: ∀x∀y∀z∀w((Cousin(x) ∧ ChildhoodFriend(y,x) ∧ InRelationship(y) ∧ Date(z,w) ∧ w=y ∧ BelongsTo(x,z)) → evaluation(GOOD))	0	INVALID FOL ADJUSTMENT: ∀x∀y∀z∀w((Cousin(x) ∧ ChildhoodFriend(y,x) ∧ InRelationship(w) ∧ Date(z,y) ∨ w=y) → evaluation(GOOD))	0	INVALID	-2	INVALID	-2
1204	it's understandable to compare your body to other people.	∀x∀y∃z(Body(x) ∧ BelongsTo(x,y) ∧ People(z) ∧ CompareTo(y,z,x) → evaluation(GOOD))	1	∀x∀y∃z(Body(x) ∧ BelongsTo(x,y) ∧ People(z) ∧ CompareTo(y,z,x) → evaluation(GOOD))	1	evaluation(GOOD) | ~Body(v72) | ~BelongsTo(v72, v73) | ~People(f3(v72,v73)) | ~CompareTo(v73, f3(v72,v73), v72)	1	(¬Body(v72) ∨ ¬BelongsTo(v72, v73) ∨ ¬People(f3(v72,v73)) ∨ ¬CompareTo(v73, f3(v72,v73), v72) ∨ evaluation(GOOD))	1
1205	you should buy things from your friends.	∀x∀y∀z(Friends(y,x) ∧ Things(z) ∧ BuysFrom(x,y,z) → evaluation(GOOD))	1	∀x∀y∀z(Friends(y,x) ∧ Things(z) ∧ BelongsTo(z,y) ∧ Buys(x,z) → evaluation(GOOD))	1	evaluation(GOOD) | ~Friends(v75, v74) | ~Things(v76) | ~BelongsTo(v76, v75) | ~Buys(v74, v76)	1	(¬Friends(v75, v74) ∨ ¬Things(v76) ∨ ¬BelongsTo(v76, v75) ∨ ¬Buys(v74, v76) ∨ evaluation(GOOD))	1
1206	you are not allowed to choose what music you want to listen to.	∀x∀y(Music(y) ∧ WishesToListenTo(x,y) → evaluation(BAD))	1	∀x∀y(Music(y) ∧ WishesToListenTo(x,y) → evaluation(BAD))	1	evaluation(BAD) | ~Music(v78) | ~WishesToListenTo(v77, v78)	1	(¬Music(v78) ∨ ¬WishesToListenTo(v77, v78) ∨ evaluation(BAD))	1
1207	it's nice to hug others.	∀x∃y(People(x) ∧ People(y) ∧ Hug(x,y) → evaluation(GOOD))	1	∀x∃y(People(x) ∧ People(y) ∧ Hug(x,y) → evaluation(GOOD))	1	evaluation(GOOD) | ~People(v79) | ~People(f4(v79)) | ~Hug(v79, f4(v79))	1	(¬People(v79) ∨ ¬People(f4(v79)) ∨ ¬Hug(v79, f4(v79)) ∨ evaluation(GOOD))	1
1208	it is wrong to put a kid in a situation where the child is depressed.	∀x∀y∀z(PutInSituation(x,y,z) ∧ Kid(y) ∧ Situation(z) ∧ DepressedIn(y,z) → evaluation(BAD))	1	∀x∀y∀z(PutInSituation(x,y,z) ∧ Kid(y) ∧ Situation(z) ∧ MakesDepressed(y,z) → evaluation(BAD))	1	evaluation(BAD) | ~PutInSituation(v80, v81, v82) | ~Kid(v81) | ~Situation(v82) | ~MakesDepressed(v81, v82)	1	(¬PutInSituation(v80, v81, v82) ∨ ¬Kid(v81) ∨ ¬Situation(v82) ∨ ¬MakesDepressed(v81, v82) ∨ evaluation(BAD))	1
1209	it's disgusting to let another person's toothbrush touch the toilet.	∀x∀y(Toothbrush(x) ∧ BelongsTo(x, y) ∧ Touches(x, TOILET) → evaluation(BAD))	1	∀x∀y∀z(Toothbrush(x) ∧ BelongsTo(x, y) ∧ Touches(z, x, TOILET) → evaluation(BAD))	1	evaluation(BAD) | ~Toothbrush(v83) | ~BelongsTo(v83, v84) | ~Touches(v85, v83, TOILET)	1	(¬Toothbrush(v83) ∨ ¬BelongsTo(v83, v84) ∨ ¬Touches(v85, v83, TOILET) ∨ evaluation(BAD))	1
1210	it is not rude to make someone else uncomfortable with jokes.	∀x∀y∃z(MakesJokes(x) ∧ People(y) ∧ UncomfortableBy(z,y,x) → evaluation(GOOD))	1	∀x∀y∃z(MakesJokes(x) ∧ People(y) ∧ UncomfortableBy(z,y,x) → evaluation(GOOD))	1	evaluation(GOOD) | ~MakesJokes(v86) | ~People(v87) | ~UncomfortableBy(f5(v86,v87), v87, v86)	1	(¬MakesJokes(v86) ∨ ¬People(v87) ∨ ¬UncomfortableBy(f5(v86,v87), v87, v86) ∨ evaluation(GOOD))	1
1300	it's important to think about your choices thoroughly.	∀x∀y(Choices(x) ∧ BelongsTo(x,y) ∧ ThinksThoroughlyAbout(y,x) → evaluation(GOOD))	1	∀x∀y(Choices(x) ∧ BelongsTo(x,y) ∧ ThinksThoroughlyAbout(y,x) → evaluation(GOOD))	1	evaluation(GOOD) | ~Choices(v88) | ~BelongsTo(v88, v89) | ~ThinksThoroughlyAbout(v89, v88)	1	(¬Choices(v88) ∨ ¬BelongsTo(v88, v89) ∨ ¬ThinksThoroughlyAbout(v89, v88) ∨ evaluation(GOOD))	1
1301	it is not reasonable to be angry if someone stole from you.	∀x∀y(Owns(x,y) ∧ ∃z(People(z) ∧ StoleFrom(z,x)) ∧ Angry(x) → evaluation(BAD))	1	∀x∀y(Owns(x,y) ∧ ∃z(People(z) ∧ StoleFrom(z,x)) ∧ Angry(x) → evaluation(BAD))	1	evaluation(BAD) | ~Owns(v90, v91) | ~People(f6(v90,v91)) | ~StoleFrom(f6(v90,v91), v90) | ~Angry(v90)	1	(¬Owns(v90, v91) ∨ ¬People(f6(v90,v91)) ∨ ¬StoleFrom(f6(v90,v91), v90) ∨ ¬Angry(v90) ∨ evaluation(BAD))	1
1302	it's unacceptable to use any form of currency as payment.	∀x(Currency(x) ∧ UseAsPayment(x) → evaluation(BAD))	1	∀x∀y(Currency(x) ∧ UseAsPayment(y,x) → evaluation(BAD))	1	evaluation(BAD) | ~Currency(v92) | ~UseAsPayment(v93, v92)	1	(¬Currency(v92) ∨ ¬UseAsPayment(v93, v92) ∨ evaluation(BAD))	1
1303	it's bad to be annoyed when your electronics stop working.	∀x∀y(Electronics(x) ∧ BelongsTo(x,y) ∧ StopsWorking(x) ∧ Annoyed(y) → evaluation(BAD))	1	∀x∀y(Electronics(x) ∧ BelongsTo(x,y) ∧ StopsWorking(x) ∧ Annoyed(y) → evaluation(GOOD))	1	evaluation(GOOD) | ~Electronics(v94) | ~BelongsTo(v94, v95) | ~StopsWorking(v94) | ~Annoyed(v95)	1	(¬Electronics(v94) ∨ ¬BelongsTo(v94, v95) ∨ ¬StopsWorking(v94) ∨ ¬Annoyed(v95) ∨ evaluation(GOOD))	1
1304	it's bad to work to advance social justice causes that you believe in	∀x∀y(BelievesIn(x, y) ∧ SocialJusticeCause(y) ∧ WorksToAdvance(x, y) → evaluation(BAD))	1	∀x∀y(BelievesIn(x, y) ∧ SocialJusticeCause(y) ∧ WorksToAdvance(x, y) → evaluation(GOOD))	1	evaluation(GOOD) | ~BelievesIn(v96, v97) | ~SocialJusticeCause(v97) | ~WorksToAdvance(v96, v97)	1	(¬BelievesIn(v96, v97) ∨ ¬SocialJusticeCause(v97) ∨ ¬WorksToAdvance(v96, v97) ∨ evaluation(GOOD))	1
1305	you are expected to work at your scheduled times.	∀x∀y(HasSchedule(x,y) ∧ WorkAt(x,y) → evaluation(GOOD))	1	∀x∀y(HasSchedule(x,y) ∧ WorkAt(x,y) → evaluation(GOOD))	1	evaluation(GOOD) | ~HasSchedule(v98, v99) | ~WorkAt(v98, v99)	1	(¬HasSchedule(v98, v99) ∨ ¬WorkAt(v98, v99) ∨ evaluation(GOOD))	1
1306	it's normal to be curious about your body as a kid	∀x∀y(Kid(y) ∧ Body(x) ∧ BelongsTo(x,y) ∧ CuriousAbout(y,x) → evaluation(GOOD))	1	∀x∀y(Kid(y) ∧ Body(x) ∧ BelongsTo(x,y) ∧ CuriousAbout(y,x) → evaluation(GOOD))	1	evaluation(GOOD) | ~Kid(v101) | ~Body(v100) | ~BelongsTo(v100, v101) | ~CuriousAbout(v101, v100)	1	(¬Kid(v101) ∨ ¬Body(v100) ∨ ¬BelongsTo(v100, v101) ∨ ¬CuriousAbout(v101, v100) ∨ evaluation(GOOD))	1
1307	it's not ok to be frustrated if you don't get into a game.	∀x∀y(Game(y) ∧ ¬GetsInto(x,y) ∧ Frustrated(x) → evaluation(BAD))	1	∀x∀y(Game(y) ∧ ¬GetsInto(x,y) ∧ Frustrated(x) → evaluation(BAD))	1	evaluation(BAD) | ~Game(v103) | GetsInto(v102, v103) | ~Frustrated(v102)	1	INVALID HORN	0
1308	you have to understand that the world view of older generations was formed in different times.	∀x∀y(OlderGeneration(y) ∧ WorldView(x) ∧ FormedIn(x, DIFFERENT_TIMES) ∧ Understands(y,x) → evaluation(GOOD))	1	∀x∀y(OlderGeneration(y) ∧ WorldView(x) ∧ FormedIn(x, DIFFERENT_TIMES) → Understands(y,x) → evaluation(GOOD))	1	evaluation(GOOD) | ~Understands(v105, v104) | ~OlderGeneration(v105) | ~WorldView(v104) | ~FormedIn(v104, DIFFERENT_TIMES)	1	(¬Understands(v105, v104) ∨ ¬OlderGeneration(v105) ∨ ¬WorldView(v104) ∨ ¬FormedIn(v104, DIFFERENT_TIMES) ∨ evaluation(GOOD))	1
1309	it is expected that you give gifts to people on christmas	∀x∀y∀z(People(x) ∧ Gift(y) ∧ Christmas(z) ∧ GiveToOn(y,x,z) → evaluation(GOOD))	1	∀x∀y∀z(People(x) ∧ Gift(y) ∧ Christmas(z) ∧ GiveToOn(y,x,z) → evaluation(GOOD))	1	evaluation(GOOD) | ~People(v106) | ~Gift(v107) | ~Christmas(v108) | ~GiveToOn(v107, v106, v108)	1	(¬People(v106) ∨ ¬Gift(v107) ∨ ¬Christmas(v108) ∨ ¬GiveToOn(v107, v106, v108) ∨ evaluation(GOOD))	1
1310	you should play mind games on someone.	∃x∀y(PlayMindGamesOn(x,y) → evaluation(GOOD))	1	∀x∀y(People(x) ∧ PlayMindGamesOn(y,x) → evaluation(GOOD))	1	evaluation(GOOD) | ~People(v109) | ~PlayMindGamesOn(v110, v109)	1	(¬People(v109) ∨ ¬PlayMindGamesOn(v110, v109) ∨ evaluation(GOOD))	1
1400	hating how someone else decides to spend their time is not intrusive and controlling.	∀x∀y∃z(People(z) ∧ Time(x) ∧ BelongsTo(x,z) ∧ DecideToSpend(z,x) ∧ Hates(y,z) → ¬(IntrusiveAndControlling(y)))	1	∀x∀y∃z(People(z) ∧ Time(x) ∧ BelongsTo(x,z) ∧ DecideToSpend(z,x) ∧ Hates(y,z) → ¬(IntrusiveAndControlling(y)) → evaluation(GOOD))	1	evaluation(GOOD) | IntrusiveAndControlling(v112) | ~People(f7(v111,v112)) | ~Time(v111) | ~BelongsTo(v111, f7(v111,v112)) | ~DecideToSpend(f7(v111,v112), v111) | ~Hates(v112, f7(v111,v112))	1	INVALID HORN	0
1401	you shouldn't explain to your parents why if you cannot make it to a birthday party of theirs.	∀x∀y∀z(ParentOf(y,x) ∧ HasBirthdayParty(y,z) ∧ ¬CanAttend(x,z) ∧ ExplainsWhy(x,y,z) → evaluation(BAD))	1	∀x∀y∀z(ParentOf(y,x) ∧ HasBirthdayParty(y,z) ∧ ¬CanAttend(x,z) ∧ ExplainsWhy(x,y,z) → evaluation(BAD))	1	evaluation(BAD) | ~ParentOf(v114, v113) | ~HasBirthdayParty(v114, v115) | CanAttend(v113, v115) | ~ExplainsWhy(v113, v114, v115)	1	INVALID HORN	0
1402	it's okay to want to explore your emotions.	∀x∀y(BelongsTo(y,x) ∧ Emotion(y) ∧ WantsToExplore(x,y) → evaluation(GOOD))	1	∀x∀y(Emotion(y) ∧ BelongsTo(y,x) ∧ WantsToExplore(x,y) → evaluation(GOOD))	1	evaluation(GOOD) | ~Emotion(v117) | ~BelongsTo(v117, v116) | ~WantsToExplore(v116, v117)	1	(¬Emotion(v117) ∨ ¬BelongsTo(v117, v116) ∨ ¬WantsToExplore(v116, v117) ∨ evaluation(GOOD))	1
1403	it's wrong to judge someone based on their physical attributes.	∀x∀y∀z(People(y) ∧ AttributePhysical(z,y) ∧ JudgeBasedOn(x,z) → evaluation(BAD))	1	∀x∀y∀z(People(y) ∧ AttributePhysical(z,y) ∧ JudgeBasedOn(x,z) → evaluation(BAD))	1	evaluation(BAD) | ~People(v119) | ~AttributePhysical(v120, v119) | ~JudgeBasedOn(v118, v120)	1	(¬People(v119) ∨ ¬AttributePhysical(v120, v119) ∨ ¬JudgeBasedOn(v118, v120) ∨ evaluation(BAD))	1
1404	it's good for pet owners to care about their pet's happiness.	∀x∀y∀z(PetOwner(x) ∧ Pet(y) ∧ BelongsTo(y,x) ∧ Happiness(z, y) ∧ CaresAbout(x,z) → evaluation(GOOD))	1	INVALID FOL ADJUSTMENT: ∀x∀y(PetOwner(x) ∧ Pet(y) ∧ BelongsTo(y,x) ∧ CaresAbout(x, HappinessOf(y)) → evaluation(GOOD))	0	INVALID	-2	INVALID	-2
1405	you should apologize when you've wronged someone.	∀x∀y(Wronged(x,y) ∧ Apologizes(x,y) → evaluation(GOOD))	1	∀x∀y(Wronged(x,y) ∧ Apologizes(x,y) → evaluation(GOOD))	1	evaluation(GOOD) | ~Wronged(v121, v122) | ~Apologizes(v121, v122)	1	(¬Wronged(v121, v122) ∨ ¬Apologizes(v121, v122) ∨ evaluation(GOOD))	1
1406	you shouldn't light a candle if your lights are out.	∀x∀y(Lights(x) ∧ Out(x) ∧ Candle(y) ∧ Light(y) → evaluation(BAD))	1	∀x∀y(Lights(x) ∧ Out(x) ∧ Candle(y) ∧ Light(y) → evaluation(BAD))	1	evaluation(BAD) | ~Lights(v123) | ~Out(v123) | ~Candle(v124) | ~Light(v124)	1	(¬Lights(v123) ∨ ¬Out(v123) ∨ ¬Candle(v124) ∨ ¬Light(v124) ∨ evaluation(BAD))	1
1407	you shouldn't try to get into gated communities when you don't live there.	∀x∀y(Community(y) ∧ Gated(y) ∧ ¬LivesIn(x,y) ∧ TriesToGetIn(x,y) → evaluation(BAD))	1	∀x∀y(Community(y) ∧ Gated(y) ∧ ¬LivesIn(x,y) ∧ TriesToGetIn(x,y) → evaluation(BAD))	1	evaluation(BAD) | ~Community(v126) | ~Gated(v126) | LivesIn(v125, v126) | ~TriesToGetIn(v125, v126)	1	INVALID HORN	0
1408	you should not try to understand that people sometimes have problems weighing on their minds that make it hard for them to focus you.	∀x∀y∃z∃w(People(y) ∧ HasProblems(y,z) ∧ WeighsOnMind(z,y) ∧ MakesHard(z,w) ∧ FocusOn(w,x) ∧ TriesToUnderstand(x,y) → evaluation(BAD))	1	∀x∀y∃z∃w(People(y) ∧ HasProblems(y,z) ∧ WeighsOnMind(z,y) ∧ MakesHardToFocus(z,w,x) ∧ TriesToUnderstand(x,y) → evaluation(BAD))	1	evaluation(BAD) | ~People(v128) | ~HasProblems(v128, f8(v127,v128)) | ~WeighsOnMind(f8(v127,v128), v128) | ~MakesHardToFocus(f8(v127,v128), f9(v127,v128), v127) | ~TriesToUnderstand(v127, v128)	1	(¬People(v128) ∨ ¬HasProblems(v128, f8(v127,v128)) ∨ ¬WeighsOnMind(f8(v127,v128), v128) ∨ ¬MakesHardToFocus(f8(v127,v128), f9(v127,v128), v127) ∨ ¬TriesToUnderstand(v127, v128) ∨ evaluation(BAD))	1
1409	it's good to be over your ex before you pursue a new relationship.	∀x∀y∀z(Ex(y,x) ∧ ¬HasFeelings(x,y) ∧ NewRelationship(z,x) → evaluation(GOOD))	1	∀x∀y∀z(Ex(y,x) ∧ ¬HasFeelings(x,y) ∧ Pursue(x,z) → evaluation(GOOD))	1	evaluation(GOOD) | ~Ex(v130, v129) | HasFeelings(v129, v130) | ~Pursue(v129, v131)	1	INVALID HORN	0
1410	you should not prevent someone from drinking something they'd like.	∀x∀y∀z(LikesToDrink(x,z) ∧ Prevents(y,x,z) → evaluation(BAD))	1	∀x∀y∀z(LikesToDrink(x,z) ∧ Prevents(y,x,z) → evaluation(BAD))	1	evaluation(BAD) | ~LikesToDrink(v132, v134) | ~Prevents(v133, v132, v134)	1	(¬LikesToDrink(v132, v134) ∨ ¬Prevents(v133, v132, v134) ∨ evaluation(BAD))	1
1500	it's bad to not take things seriously.	∀x∀y(Thing(y) ∧ ¬TakesSeriously(x,y) → evaluation(BAD))	1	∀x∀y(Thing(y) ∧ ¬TakeSeriously(x,y) → evaluation(BAD))	1	evaluation(BAD) | ~Thing(v136) | TakeSeriously(v135, v136)	1	INVALID HORN	0
1501	it's okay if you don't want to let your parents use your electronics.	∀x∀y∀z(BelongsTo(x,y) ∧ Electronics(x) ∧ ParentsOf(y,z) ∧ ¬LetsUse(y,z,x) → evaluation(GOOD))	1	∀x∀y∀z(BelongsTo(x,y) ∧ Electronics(x) ∧ ParentsOf(z,y) ∧ ¬LetsUse(y,z,x) → evaluation(GOOD))	1	evaluation(GOOD) | ~BelongsTo(v137, v138) | ~Electronics(v137) | ~ParentsOf(v139, v138) | LetsUse(v138, v139, v137)	1	INVALID HORN	0
1502	you shouldn't expect your family to pay for things that they weren't responsible for.	∀x∀y∀z∀w(FamilyOf(x,y) ∧ Thing(z) ∧ ResponsibleFor(w,z) ∧ ¬Same(w,x) ∧ ExpectsToPay(x,y,z) → evaluation(BAD))	1	∀x∀y∀z∀w(FamilyOf(y,x) ∧ Thing(z) ∧ ¬ResponsibleFor(w,z) ∧ ExpectsToPay(x,z) → evaluation(BAD))	1	evaluation(BAD) | ~FamilyOf(v141, v140) | ~Thing(v142) | ResponsibleFor(v143, v142) | ~ExpectsToPay(v140, v142)	1	INVALID HORN	0
1503	you shouldn't try to stop the bad things you do.	∀x∀y(Thing(y) ∧ Bad(y) ∧ Does(x,y) ∧ TriesToStop(x,y) → evaluation(BAD))	1	∀x∀y(Thing(y) ∧ Bad(y) ∧ Does(x,y) ∧ ¬TriesToStop(x,y) → evaluation(BAD))	1	evaluation(BAD) | ~Thing(v145) | ~Bad(v145) | ~Does(v144, v145) | TriesToStop(v144, v145)	1	INVALID HORN	0
1504	you should make an attempt to make up with people when your health is failing.	∀x∀y∀z(HealthOf(x) ∧ Failing(z) ∧ BelongsTo(z,x) ∧ People(y) ∧ AttemptsToMakeUpWith(x,y) → evaluation(GOOD))	1	INVALID FOL ADJUSTMENT: ∀x∀y(HealthOf(x) ∧ Failing(x) ∃z(People(z) ∧ AttemptsToMakeUpWith(y,z)) → evaluation(GOOD))	0	INVALID	-2	INVALID	-2
1505	it's not okay to ask things of your mate that you'd like.	∀x∀y∀z(MateOf(x,y) ∧ Thing(z) ∧ Likes(x,z) ∧ AskOf(y,z) → evaluation(BAD))	1	∀x∀y∀z(MateOf(x,y) ∧ Thing(z) ∧ Likes(x,z) ∧ AskOf(y,z) → evaluation(BAD))	1	evaluation(BAD) | ~MateOf(v146, v147) | ~Thing(v148) | ~Likes(v146, v148) | ~AskOf(v147, v148)	1	(¬MateOf(v146, v147) ∨ ¬Thing(v148) ∨ ¬Likes(v146, v148) ∨ ¬AskOf(v147, v148) ∨ evaluation(BAD))	1
1506	it's wrong to hurt people with your gardening tools.	∀x∀y∀z(People(x) ∧ Tools(z) ∧ BelongsTo(z,y) ∧ GardeningTool(z) ∧ HurtWith(y,x,z) → evaluation(BAD))	1	∀x∀y∀z(People(x) ∧ Tools(z) ∧ BelongsTo(z,y) ∧ GardeningTool(z) ∧ HurtWith(y,x,z) → evaluation(BAD))	1	evaluation(BAD) | ~People(v149) | ~Tools(v151) | ~BelongsTo(v151, v150) | ~GardeningTool(v151) | ~HurtWith(v150, v149, v151)	1	(¬People(v149) ∨ ¬Tools(v151) ∨ ¬BelongsTo(v151, v150) ∨ ¬GardeningTool(v151) ∨ ¬HurtWith(v150, v149, v151) ∨ evaluation(BAD))	1
1507	it's not okay to not be able to put your feelings into words.	∀x∀y(Feeling(y) ∧ BelongsTo(y,x) ∧ ¬CanExpress(x,y) → evaluation(BAD))	1	∀x∀y(Feeling(y) ∧ BelongsTo(y,x) ∧ ¬CanExpress(x,y) → evaluation(BAD))	1	evaluation(BAD) | ~Feeling(v153) | ~BelongsTo(v153, v152) | CanExpress(v152, v153)	1	INVALID HORN	0
1508	you should be careful so you don't get things stuck in your hair.	∀x∀y(Thing(y) ∧ Hair(x) ∧ BelongsTo(x,YOU) ∧ CanGetStuckIn(y,x) → evaluation(GOOD))	1	∀x∀y(Thing(y) ∧ Hair(x) ∧ BelongsTo(x,YOU) ∧ CanGetStuckIn(y,x) → evaluation(BAD))	1	evaluation(BAD) | ~Thing(v155) | ~Hair(v154) | ~BelongsTo(v154, YOU) | ~CanGetStuckIn(v155, v154)	1	(¬Thing(v155) ∨ ¬Hair(v154) ∨ ¬BelongsTo(v154, YOU) ∨ ¬CanGetStuckIn(v155, v154) ∨ evaluation(BAD))	1
1509	it's not okay to get food stuck in your teeth sometimes.	∃x∃y∃z(Person(x) ∧ Food(y) ∧ StuckIn(z,y) ∧ Teeth(z) ∧ BelongsTo(z,x) → evaluation(BAD))	1	∃x∃y∃z(Person(x) ∧ Food(y) ∧ StuckIn(y,z) ∧ Teeth(z) ∧ BelongsTo(z,x) → evaluation(BAD))	1	evaluation(BAD) | ~Person(C3) | ~Food(C4) | ~StuckIn(C4, C5) | ~Teeth(C5) | ~BelongsTo(C5, C3)	1	(¬Person(C3) ∨ ¬Food(C4) ∨ ¬StuckIn(C4, C5) ∨ ¬Teeth(C5) ∨ ¬BelongsTo(C5, C3) ∨ evaluation(BAD))	1
1510	it is good to be happy for an ex who is not happy.	∀x∀y(ExOf(y,x) ∧ ¬Happy(x) ∧ HappyFor(y,x) → evaluation(GOOD))	1	∀x∀y(ExOf(y,x) ∧ ¬Happy(x) ∧ HappyFor(y,x) → evaluation(GOOD))	1	evaluation(GOOD) | ~ExOf(v157, v156) | Happy(v156) | ~HappyFor(v157, v156)	1	INVALID HORN	0
1610	you should tell someone what to eat and not eat.	∀x∀y∀z∀w(Someone(y) ∧ Eat(y,z) ∧ NotEat(y,w) ∧ TellsTo(x,y,z,w) → evaluation(GOOD))	1	∀x∀y∀z∀w(People(y) ∧ Food(z) ∧ Food(w) ∧ TellWhatToEat(x,y,z) ∧ TellWhatNotToEat(x,y,w) → evaluation(GOOD))	1	evaluation(GOOD) | ~People(v159) | ~Food(v160) | ~Food(v161) | ~TellWhatToEat(v158, v159, v160) | ~TellWhatNotToEat(v158, v159, v161)	1	(¬People(v159) ∨ ¬Food(v160) ∨ ¬Food(v161) ∨ ¬TellWhatToEat(v158, v159, v160) ∨ ¬TellWhatNotToEat(v158, v159, v161) ∨ evaluation(GOOD))	1
1611	it is okay to have friends your other friends do not like.	∀x∀y∀z(Friends(x,y) ∧ Friends(x,z) ∧ ¬Friends(y,z) → evaluation(GOOD))	1	∀x∀y∀z(Friends(x,y) ∧ Friends(x,z) ∧ ¬Friends(y,z) → evaluation(GOOD))	1	evaluation(GOOD) | ~Friends(v162, v163) | ~Friends(v162, v164) | Friends(v163, v164)	1	INVALID HORN	0
1612	it is bad to plan things.	∀x∀y(Thing(y) ∧ Plans(x, y) → evaluation(BAD))	1	∀x∀y(Thing(y) ∧ Plans(x, y) → evaluation(BAD))	1	evaluation(BAD) | ~Thing(v166) | ~Plans(v165, v166)	1	(¬Thing(v166) ∨ ¬Plans(v165, v166) ∨ evaluation(BAD))	1
1613	you shouldn't care who your friends hook up with.	∀x∀y∀z((Friends(x,y) ∧ HookUpWith(y,z) ∧ CaresAbout(x,z)) → evaluation(BAD))	1	∀x∀y∀z((Friends(x,y) ∧ HookUpWith(y,z)) ∧ CaresAbout(x,z) → evaluation(BAD))	1	evaluation(BAD) | ~Friends(v167, v168) | ~HookUpWith(v168, v169) | ~CaresAbout(v167, v169)	1	(¬Friends(v167, v168) ∨ ¬HookUpWith(v168, v169) ∨ ¬CaresAbout(v167, v169) ∨ evaluation(BAD))	1
1614	it's right to go back on your word.	∀x∀y(Word(y) ∧ BelongsTo(y,x) ∧ GoBackOn(x,y) → evaluation(GOOD))	1	∀x∀y(Word(y) ∧ BelongsTo(y,x) ∧ GoBackOn(x,y) → evaluation(BAD))	1	evaluation(BAD) | ~Word(v171) | ~BelongsTo(v171, v170) | ~GoBackOn(v170, v171)	1	(¬Word(v171) ∨ ¬BelongsTo(v171, v170) ∨ ¬GoBackOn(v170, v171) ∨ evaluation(BAD))	1
1615	it's okay to ask others favors.	∀x∃y(People(x) ∧ People(y) ∧ AskFavor(x,y) → evaluation(GOOD))	1	∀x∃y(People(x) ∧ People(y) ∧ AskFavor(x,y) → evaluation(GOOD))	1	evaluation(GOOD) | ~People(v172) | ~People(f10(v172)) | ~AskFavor(v172, f10(v172))	1	(¬People(v172) ∨ ¬People(f10(v172)) ∨ ¬AskFavor(v172, f10(v172)) ∨ evaluation(GOOD))	1
1616	it's good to find an appropriate outlet for stress.	∀x(OutletFor(x, STRESS) ∧ Appropriate(x) ∧ Finds(y, x) → evaluation(GOOD))	1	∀x∀y(OutletFor(x, STRESS) ∧ Appropriate(x) ∧ Finds(y, x) → evaluation(GOOD))	1	evaluation(GOOD) | ~OutletFor(v173, STRESS) | ~Appropriate(v173) | ~Finds(v174, v173)	1	(¬OutletFor(v173, STRESS) ∨ ¬Appropriate(v173) ∨ ¬Finds(v174, v173) ∨ evaluation(GOOD))	1
1617	it's not okay to interrupt something of others that is suppose to be romantic.	∀x∀y∃z(Romantic(y) ∧ BelongsTo(y,z) ∧ People(z) ∧ Interrupt(x,y) → evaluation(BAD))	1	∀x∀y∃z(Romantic(y) ∧ BelongsTo(y,z) ∧ People(z) ∧ Interrupt(x,y) → evaluation(BAD))	1	evaluation(BAD) | ~Romantic(v176) | ~BelongsTo(v176, f11(v175,v176)) | ~People(f11(v175,v176)) | ~Interrupt(v175, v176)	1	(¬Romantic(v176) ∨ ¬BelongsTo(v176, f11(v175,v176)) ∨ ¬People(f11(v175,v176)) ∨ ¬Interrupt(v175, v176) ∨ evaluation(BAD))	1
1618	you should dispose of your partner's bridesmaid at their wedding.	∀x∀y∀z(PartnerOf(x,y) ∧ BridesmaidOf(z,y) ∧ AtWedding(z,y) ∧ DisposeOf(x,z) → evaluation(GOOD))	1	∀x∀y∀z(PartnerOf(x,y) ∧ BridesmaidOf(z,y) ∧ AtWedding(z,y) ∧ DisposeOf(x,z) → evaluation(BAD))	1	evaluation(BAD) | ~PartnerOf(v177, v178) | ~BridesmaidOf(v179, v178) | ~AtWedding(v179, v178) | ~DisposeOf(v177, v179)	1	(¬PartnerOf(v177, v178) ∨ ¬BridesmaidOf(v179, v178) ∨ ¬AtWedding(v179, v178) ∨ ¬DisposeOf(v177, v179) ∨ evaluation(BAD))	1
1619	it's good to fire people if they are not doing a good job.	∀x∀y(People(y) ∧ WorksFor(x, y) ∧ ¬DoesGoodJob(y) → Fires(x, y) → evaluation(GOOD))	1	∀x∀y(People(y) ∧ WorksFor(y, x) ∧ ¬DoesGoodJob(y) → (Fires(x, y) → evaluation(GOOD)))	1	evaluation(GOOD) | ~Fires(v180, v181) | ~People(v181) | ~WorksFor(v181, v180) | DoesGoodJob(v181)	1	INVALID HORN	0
1620	it is understandable to want space when you are sick.	∀x(Sick(x) ∧ WantsSpace(x) → evaluation(GOOD))	1	∀x(Sick(x) ∧ WantsSpace(x) → evaluation(GOOD))	1	evaluation(GOOD) | ~Sick(v182) | ~WantsSpace(v182)	1	(¬Sick(v182) ∨ ¬WantsSpace(v182) ∨ evaluation(GOOD))	1
1700	it's polite to be disrespectful of someone's religion.	∀x∀y(DisrespectfulOfReligion(x,y) → evaluation(BAD))	1	∀x∀y(DisrespectfulOfReligion(x,y) → evaluation(BAD))	1	evaluation(BAD) | ~DisrespectfulOfReligion(v183, v184)	1	(¬DisrespectfulOfReligion(v183, v184) ∨ evaluation(BAD))	1
1701	it's understandable for parent's to use baby talk to their children.	∀x∀y∀z((ParentOf(x,y) ∧ Child(z) ∧ UsesBabyTalk(x,z)) → evaluation(GOOD))	1	∀x∀y((Parent(x) ∧ Child(y) ∧ UsesBabyTalk(x,y)) → evaluation(GOOD))	1	evaluation(GOOD) | ~Parent(v185) | ~Child(v186) | ~UsesBabyTalk(v185, v186)	1	(¬Parent(v185) ∨ ¬Child(v186) ∨ ¬UsesBabyTalk(v185, v186) ∨ evaluation(GOOD))	1
1702	it's bad to restrain your anger when you want to lash out at someone.	∀x∀y∀z(Anger(y) ∧ BelongsTo(y,x) ∧ WantToLashOutAt(x,z) ∧ Restrains(x,y) → evaluation(BAD))	1	∀x∀y∀z(Anger(y) ∧ BelongsTo(y,x) ∧ WantToLashOutAt(x,z) ∧ Restrains(x,y) → evaluation(BAD))	1	evaluation(BAD) | ~Anger(v188) | ~BelongsTo(v188, v187) | ~WantToLashOutAt(v187, v189) | ~Restrains(v187, v188)	1	(¬Anger(v188) ∨ ¬BelongsTo(v188, v187) ∨ ¬WantToLashOutAt(v187, v189) ∨ ¬Restrains(v187, v188) ∨ evaluation(BAD))	1
1703	it's good to pay attention when things go wrong.	∀x∀y(Thing(x) ∧ GoesWrong(x) ∧ PaysAttentionTo(y,x) → evaluation(GOOD))	1	∀x∀y(Thing(x) ∧ GoesWrong(x) ∧ PaysAttention(y,x) → evaluation(GOOD))	1	evaluation(GOOD) | ~Thing(v190) | ~GoesWrong(v190) | ~PaysAttention(v191, v190)	1	(¬Thing(v190) ∨ ¬GoesWrong(v190) ∨ ¬PaysAttention(v191, v190) ∨ evaluation(GOOD))	1
1704	if you are hoping for a miracle, you should pray.	∀x∀y(HopesFor(x,y) ∧ Miracle(y) → Prays(x) → evaluation(GOOD))	1	∀x∀y(HopesFor(x,y) ∧ Miracle(y) ∧ Prays(x) → evaluation(GOOD))	1	evaluation(GOOD) | ~HopesFor(v192, v193) | ~Miracle(v193) | ~Prays(v192)	1	(¬HopesFor(v192, v193) ∨ ¬Miracle(v193) ∨ ¬Prays(v192) ∨ evaluation(GOOD))	1
1705	it is not ok to be sad when your friend gets a partner.	∀x∀y∀z(Friends(x,y) ∧ HasPartner(y,z) ∧ Sad(x) → evaluation(BAD))	1	∀x∀y∀z(Friends(x,y) ∧ HasPartner(y,z) ∧ Sad(x) → evaluation(BAD))	1	evaluation(BAD) | ~Friends(v194, v195) | ~HasPartner(v195, v196) | ~Sad(v194)	1	(¬Friends(v194, v195) ∨ ¬HasPartner(v195, v196) ∨ ¬Sad(v194) ∨ evaluation(BAD))	1
1706	it's normal to be impolite to people who say offensive things.	∀x∀y∀z(People(x) ∧ OffensiveThings(y) ∧ Says(z,y) ∧ ImpoliteTo(x,z) → evaluation(GOOD))	1	∀x∀y∀z(People(x) ∧ OffensiveThings(y) ∧ Says(z,y) ∧ ImpoliteTo(x,z) → evaluation(GOOD))	1	evaluation(GOOD) | ~People(v197) | ~OffensiveThings(v198) | ~Says(v199, v198) | ~ImpoliteTo(v197, v199)	1	(¬People(v197) ∨ ¬OffensiveThings(v198) ∨ ¬Says(v199, v198) ∨ ¬ImpoliteTo(v197, v199) ∨ evaluation(GOOD))	1
1707	it's good to prioritize friendship over romantic entanglements.	∀x∀y∀z(Friends(x,y) ∧ RomanticEntanglement(x,z) ∧ Prioritize(x,y,z) → evaluation(GOOD))	1	∀x∀y∀z(Friends(x,y) ∧ RomanticEntanglement(x,z) ∧ Prioritize(x,y,z) → evaluation(GOOD))	1	evaluation(GOOD) | ~Friends(v200, v201) | ~RomanticEntanglement(v200, v202) | ~Prioritize(v200, v201, v202)	1	(¬Friends(v200, v201) ∨ ¬RomanticEntanglement(v200, v202) ∨ ¬Prioritize(v200, v201, v202) ∨ evaluation(GOOD))	1
1708	you shouldn't be up front with people about why you are rejecting them as dates.	∀x∀y∃z(People(z) ∧ Date(y) ∧ RejectedBy(x,y) ∧ UpFrontAbout(x,z) → evaluation(BAD))	1	∀x∀y∀z(People(z) ∧ Date(y) ∧ RejectedBy(x,y) ∧ UpFrontAbout(x,z) → evaluation(BAD))	1	evaluation(BAD) | ~People(v205) | ~Date(v204) | ~RejectedBy(v203, v204) | ~UpFrontAbout(v203, v205)	1	(¬People(v205) ∨ ¬Date(v204) ∨ ¬RejectedBy(v203, v204) ∨ ¬UpFrontAbout(v203, v205) ∨ evaluation(BAD))	1
1709	you should not always take a lunch break at work even if you don't want to.	∀x∀y(Work(x) ∧ LunchBreak(y,x) ∧ ¬WantsToTakeBreak(x,y) → evaluation(BAD))	1	∀x∀y(Work(x) ∧ LunchBreak(y,x) ∧ ¬WantsToTakeBreak(x,y) → evaluation(GOOD))	1	evaluation(GOOD) | ~Work(v206) | ~LunchBreak(v207, v206) | WantsToTakeBreak(v206, v207)	1	INVALID HORN	0
1710	it's not okay to let go of your health.	∀x∀y(Health(y) ∧ BelongsTo(y,x) ∧ LetsGoOf(x,y) → evaluation(BAD))	1	∀x∀y(Health(y) ∧ BelongsTo(y,x) ∧ LetsGoOf(x,y) → evaluation(BAD))	1	evaluation(BAD) | ~Health(v209) | ~BelongsTo(v209, v208) | ~LetsGoOf(v208, v209)	1	(¬Health(v209) ∨ ¬BelongsTo(v209, v208) ∨ ¬LetsGoOf(v208, v209) ∨ evaluation(BAD))	1
1800	you have no right to like whomever you find appealing.	∀x∀y(FindsAppealing(y,x) ∧ Likes(x,y) → evaluation(BAD))	1	∀x∀y(FindsAppealing(x,y) ∧ Likes(x,y) → evaluation(BAD))	1	evaluation(BAD) | ~FindsAppealing(v210, v211) | ~Likes(v210, v211)	1	(¬FindsAppealing(v210, v211) ∨ ¬Likes(v210, v211) ∨ evaluation(BAD))	1
1801	it's okay to control people.	∀x∀y(People(y) ∧ Controls(x,y) → evaluation(GOOD))	1	∀x∀y(People(y) ∧ Controls(x,y) → evaluation(GOOD))	1	evaluation(GOOD) | ~People(v213) | ~Controls(v212, v213)	1	(¬People(v213) ∨ ¬Controls(v212, v213) ∨ evaluation(GOOD))	1
1802	it's bad to communicate well in a relationship	∀x∀y(Relationship(x,y) ∧ CommunicatesWell(x,y) → evaluation(BAD))	1	∀x∀y(Relationship(x,y) ∧ CommunicatesWell(x,y) → evaluation(GOOD))	1	evaluation(GOOD) | ~Relationship(v214, v215) | ~CommunicatesWell(v214, v215)	1	(¬Relationship(v214, v215) ∨ ¬CommunicatesWell(v214, v215) ∨ evaluation(GOOD))	1
1803	you should respect the space of others.	∀x∀y(∃z(People(z) ∧ SpaceOf(y,z)) ∧ Respects(x,y) → evaluation(GOOD))	1	∀x∀y(∃z(People(z) ∧ SpaceOf(y,z)) ∧ Respects(x,y) → evaluation(GOOD))	1	evaluation(GOOD) | ~People(f12(v216,v217)) | ~SpaceOf(v217, f12(v216,v217)) | ~Respects(v216, v217)	1	(¬People(f12(v216,v217)) ∨ ¬SpaceOf(v217, f12(v216,v217)) ∨ ¬Respects(v216, v217) ∨ evaluation(GOOD))	1
